objectid,filename,title,creator,date,archival date,description,subject,fire locations,location,latitude,longitude,source,identifier,type,format original,format,finding aid,digital collection,language,rights,rightsstatement,display_template,object_location,image_small,image_thumb
tpa001,cda_tpa1910.pdf,Coeur d'Alene Timber Protective Association Fifth Annual Report,Coeur d'Alene Timber Protective Association,1910,1910,"The fifth annual report of the Coeur d'Alene Timber Protective Association includes the association president's report and statements from the Secretary, Fire Committee, and Fire Warden highlighting the association's work during the fire season of 1910. There were 158 fires reported by patrolmen during the fire season. The report also includes an inventory of firefighting equipment owned by the association.",annual reports; financial statements; associations; fires (events); fire prevention; firefighting (discipline); firefighting equipment,"Coeur d'Alene Indian Reservation; Cherry Creek, Idaho; St. Maries, Idaho; Elk Prairie, Idaho; Rose Lake; Trout Creek; Deception Creek; Cougar Gulch; Trail Creek; Independence Creek; Lost and Big Creeks; Graham Creek; Camp Creek; Copper Creek; Marble Creek; Mica Creek; Charlie Creek; Homestead Creek ","Coeur d'Alene, Idaho",47.6828119,-116.7823515,"Day - NW Collection, University of Idaho Library Special Collections and Archives",cda_tpa1910,Text,report,application/pdf,,Timber Protective Association Pamphlets,eng,"Material has likely passed into public domain. Digital reproductions are made available by University of Idaho Library for educational purposes, and future use should acknowledge this repository. For more information, please contact University of Idaho Library Special Collections and Archives Department at [libspec@uidaho.edu](mailto:libspec@uidaho.edu). The University of Idaho Library is not liable for any violations of the law by users.",http://rightsstatements.org/vocab/NoC-US/1.0/,pdf,https://objects.lib.uidaho.edu/tpa/cda_tpa1910.pdf,https://objects.lib.uidaho.edu/tpa/small/cda_tpa1910_sm.jpg,https://objects.lib.uidaho.edu/tpa/thumbs/cda_tpa1910_th.jpg
tpa002,cda_tpa1914.pdf,Coeur d'Alene Timber Protective Association Ninth Annual Report,Coeur d'Alene Timber Protective Association,1914,1914,"The ninth annual report of the Coeur d'Alene Timber Protective Association includes reports from the association president, secretary, Fire Committee, and Fire Warden covering the association's fire suppression efforts during the 1914 fire season. There were 190 fires reported by patrolmen during the fire season. The report also includes an inventory of firefighting equipment owned by the association.",annual reports; financial statements; associations; fires (events); fire prevention; firefighting (discipline); trails (recreation areas); watchtowers; firefighting equipment; fire damage,"St. Maries, Idaho; Chatcolet, Idaho; Clearwater River; St. Joe River; Coeur d'Alene Lake","Coeur d'Alene, Idaho",47.6828119,-116.7823515,"Day - NW Collection, University of Idaho Library Special Collections and Archives",cda_tpa1914,Text,report,application/pdf,,Timber Protective Association Pamphlets,eng,"Material has likely passed into public domain. Digital reproductions are made available by University of Idaho Library for educational purposes, and future use should acknowledge this repository. For more information, please contact University of Idaho Library Special Collections and Archives Department at [libspec@uidaho.edu](mailto:libspec@uidaho.edu). The University of Idaho Library is not liable for any violations of the law by users.",http://rightsstatements.org/vocab/NoC-US/1.0/,pdf,https://objects.lib.uidaho.edu/tpa/cda_tpa1914.pdf,https://objects.lib.uidaho.edu/tpa/small/cda_tpa1914_sm.jpg,https://objects.lib.uidaho.edu/tpa/thumbs/cda_tpa1914_th.jpg
tpa003,cda_tpa1915.pdf,Coeur d'Alene Timber Protective Association Tenth Annual Report,Coeur d'Alene Timber Protective Association,1915,1915,"The tenth annual report of the Coeur d'Alene Timber Protective Association includes a report from the association president, financial statements from the secretary and treasurer, a report from the Fire Committee discussing patrol operations, and a report from the Chief Fire Warden, going into the details of the season's firefighting. There were 164 fires reported by patrolmen during the 1915 fire season. The report also includes an inventory of firefighting equipment owned by the association.",annual reports; financial statements; associations; fires (events); fire prevention; firefighting equipment; firefighters,"St. Maries, Idaho; Emerald Creek; Clarkia, Idaho; Marble Creek; Gold Creek; Mica Creek; Fernwood, Idaho; Mannon Creek; Phillip's Creek; Trout Creek; Alder Creek; Benewah Creek","Coeur d'Alene, Idaho",47.6828119,-116.7823515,"Day - NW Collection, University of Idaho Library Special Collections and Archives",cda_tpa1915,Text,report,application/pdf,,Timber Protective Association Pamphlets,eng,"Material has likely passed into public domain. Digital reproductions are made available by University of Idaho Library for educational purposes, and future use should acknowledge this repository. For more information, please contact University of Idaho Library Special Collections and Archives Department at [libspec@uidaho.edu](mailto:libspec@uidaho.edu). The University of Idaho Library is not liable for any violations of the law by users.",http://rightsstatements.org/vocab/NoC-US/1.0/,pdf,https://objects.lib.uidaho.edu/tpa/cda_tpa1915.pdf,https://objects.lib.uidaho.edu/tpa/small/cda_tpa1915_sm.jpg,https://objects.lib.uidaho.edu/tpa/thumbs/cda_tpa1915_th.jpg
tpa004,cda_tpa1916.pdf,Coeur d'Alene Timber Protective Association Eleventh Annual Report,Coeur d'Alene Timber Protective Association,1916,1916,"The eleventh annual report of the Coeur d'Alene Timber Protective Association includes the association president's report, a financial report, and a report from the Fire Warden which highlights the success and increased efficiency of the association's patrol system. There were only 24 fires reported by patrolmen during the 1916 fire season. The report also includes an inventory of association members.",annual reports; financial statements; associations; fires (events); fire prevention,St. Joe River,"Coeur d'Alene, Idaho",47.6828119,-116.7823515,"Day - NW Collection, University of Idaho Library Special Collections and Archives",cda_tpa1916,Text,report,application/pdf,,Timber Protective Association Pamphlets,eng,"Material has likely passed into public domain. Digital reproductions are made available by University of Idaho Library for educational purposes, and future use should acknowledge this repository. For more information, please contact University of Idaho Library Special Collections and Archives Department at [libspec@uidaho.edu](mailto:libspec@uidaho.edu). The University of Idaho Library is not liable for any violations of the law by users.",http://rightsstatements.org/vocab/NoC-US/1.0/,pdf,https://objects.lib.uidaho.edu/tpa/cda_tpa1916.pdf,https://objects.lib.uidaho.edu/tpa/small/cda_tpa1916_sm.jpg,https://objects.lib.uidaho.edu/tpa/thumbs/cda_tpa1916_th.jpg
tpa005,cda_tpa1917.pdf,Coeur d'Alene Timber Protective Association Twelfth Annual Report,Coeur d'Alene Timber Protective Association,1917,1917,"The twelfth annual report of the Coeur d'Alene Timber Protective Association includes the association president's report, a financial report, and a report from the Fire Warden which describes the most dangerous fire season since 1914, mostly due to homesteaders setting fire to clear land. There were 77 fires reported by patrolmen during the 1917 fire season. The report also includes a table with descriptions of fires during the fire season, an inventory of firefighting equipment owned by the association, and a list of association members.",annual reports; financial statements; associations; fires (events); fire prevention; firefighting equipment,"Calder, Idaho","Coeur d'Alene, Idaho",47.6828119,-116.7823515,"Day - NW Collection, University of Idaho Library Special Collections and Archives",cda_tpa1917,Text,report,application/pdf,,Timber Protective Association Pamphlets,eng,"Material has likely passed into public domain. Digital reproductions are made available by University of Idaho Library for educational purposes, and future use should acknowledge this repository. For more information, please contact University of Idaho Library Special Collections and Archives Department at [libspec@uidaho.edu](mailto:libspec@uidaho.edu). The University of Idaho Library is not liable for any violations of the law by users.",http://rightsstatements.org/vocab/NoC-US/1.0/,pdf,https://objects.lib.uidaho.edu/tpa/cda_tpa1917.pdf,https://objects.lib.uidaho.edu/tpa/small/cda_tpa1917_sm.jpg,https://objects.lib.uidaho.edu/tpa/thumbs/cda_tpa1917_th.jpg
tpa006,cda_tpa1918.pdf,Coeur d'Alene Timber Protective Association Thirteenth Annual Report,Coeur d'Alene Timber Protective Association,1918,1918,"The thirteenth annual report of the Coeur d'Alene Timber Protective Association includes the association president's report, a report from the Fire Warden, and a financial report which shows that the cost of patrolling and firefighting was more than average for the 1918 fire season due to a larger patrol and the high cost of supplies. Patrolmen were able to take care of the 79 reported fires during the season with only a minimal loss of timber. The report also includes a table with descriptions of fires during the fire season, an inventory of firefighting equipment owned by the association, and a list of association members.",annual reports; financial statements; associations; fires (events); fire prevention; firefighting equipment; firefighters,Marble Creek,"Coeur d'Alene, Idaho",47.6828119,-116.7823515,"Day - NW Collection, University of Idaho Library Special Collections and Archives",cda_tpa1918,Text,report,application/pdf,,Timber Protective Association Pamphlets,eng,"Material has likely passed into public domain. Digital reproductions are made available by University of Idaho Library for educational purposes, and future use should acknowledge this repository. For more information, please contact University of Idaho Library Special Collections and Archives Department at [libspec@uidaho.edu](mailto:libspec@uidaho.edu). The University of Idaho Library is not liable for any violations of the law by users.",http://rightsstatements.org/vocab/NoC-US/1.0/,pdf,https://objects.lib.uidaho.edu/tpa/cda_tpa1918.pdf,https://objects.lib.uidaho.edu/tpa/small/cda_tpa1918_sm.jpg,https://objects.lib.uidaho.edu/tpa/thumbs/cda_tpa1918_th.jpg
tpa007,cda_tpa1919.pdf,Coeur d'Alene Timber Protective Association Fourteenth Annual Report,Coeur d'Alene Timber Protective Association,1919,1919,"The fourteenth annual report of the Coeur d'Alene Timber Protective Association includes the association president's report, a brief report from the Fire Warden on the 1919 fire season, and a financial report. The report also includes a table with descriptions of fires during the fire season, an inventory of firefighting equipment owned by the association, and a list of association members.",annual reports; financial statements; associations; fires (events); fire prevention; firefighting equipment; firefighters; watchmen,"Cottonwood Island, Idaho; Calder, Idaho; St. Joe River","Coeur d'Alene, Idaho",47.6828119,-116.7823515,"Day - NW Collection, University of Idaho Library Special Collections and Archives",cda_tpa1919,Text,report,application/pdf,,Timber Protective Association Pamphlets,eng,"Material has likely passed into public domain. Digital reproductions are made available by University of Idaho Library for educational purposes, and future use should acknowledge this repository. For more information, please contact University of Idaho Library Special Collections and Archives Department at [libspec@uidaho.edu](mailto:libspec@uidaho.edu). The University of Idaho Library is not liable for any violations of the law by users.",http://rightsstatements.org/vocab/NoC-US/1.0/,pdf,https://objects.lib.uidaho.edu/tpa/cda_tpa1919.pdf,https://objects.lib.uidaho.edu/tpa/small/cda_tpa1919_sm.jpg,https://objects.lib.uidaho.edu/tpa/thumbs/cda_tpa1919_th.jpg
tpa008,cda_tpa1920.pdf,Coeur d'Alene Timber Protective Association Fifteenth Annual Report,Coeur d'Alene Timber Protective Association,1920,1920,"The fifteenth annual report of the Coeur d'Alene Timber Protective Association includes a financial report, a brief report from the Fire Warden, and the association president's report, which highlights the success of the 1920 fire season in minimizing timber loss. The report also includes two state examiner's certificates from 1919 and 1920 confirming successful audits, a table with descriptions of fires during the fire season, an inventory of firefighting equipment owned by the association, and a list of association members.",annual reports; financial statements; associations; fires (events); fire prevention; firefighting equipment; thunderstorms,Rose Lake; Elk Mountain,"Coeur d'Alene, Idaho",47.6828119,-116.7823515,"Day - NW Collection, University of Idaho Library Special Collections and Archives",cda_tpa1920,Text,report,application/pdf,,Timber Protective Association Pamphlets,eng,"Material has likely passed into public domain. Digital reproductions are made available by University of Idaho Library for educational purposes, and future use should acknowledge this repository. For more information, please contact University of Idaho Library Special Collections and Archives Department at [libspec@uidaho.edu](mailto:libspec@uidaho.edu). The University of Idaho Library is not liable for any violations of the law by users.",http://rightsstatements.org/vocab/NoC-US/1.0/,pdf,https://objects.lib.uidaho.edu/tpa/cda_tpa1920.pdf,https://objects.lib.uidaho.edu/tpa/small/cda_tpa1920_sm.jpg,https://objects.lib.uidaho.edu/tpa/thumbs/cda_tpa1920_th.jpg
tpa009,cda_tpa1922.pdf,Coeur d'Alene Timber Protective Association Seventeenth Annual Report,Coeur d'Alene Timber Protective Association,1922,1922,"The seventeenth annual report of the Coeur d'Alene Timber Protective Association includes a financial report, a report from the Fire Warden highlighting the purchase of a fire pump, and the association president's report, which describes the 1922 fire season as ""the most difficult and costly"" in the history of the association. The report also includes a state examiner's certificate confirming a successful audit, a table with descriptions of fires during the fire season, an inventory of firefighting equipment owned by the association, and a list of association members.",annual reports; financial statements; associations; fires (events); fire prevention; firefighting equipment; pumps (machinery),"Fourth of July Canyon; Elk Basin; Flat Creek; Emerald Creek; Alder Creek; Calder, Idaho; Tyson Creek; Falls Creek; Fernwood, Idaho; Cedar Creek; Crystal Creek; Santa, Idaho; Clarkia, Idaho; Gold Center; Latour Creek; Marble Creek; Katz Spur; Cataldo, Idaho; Emida, Idaho; Mica Creek; Harvey Creek; Bussell Creek; Daveggio Creek; Beaver Hill; Benewah Creek; Mutch Creek; Gold Creek; Greenwood, Idaho; Charlie Creek; Lotus, Idaho","Coeur d'Alene, Idaho",47.6828119,-116.7823515,"Day - NW Collection, University of Idaho Library Special Collections and Archives",cda_tpa1922,Text,report,application/pdf,,Timber Protective Association Pamphlets,eng,"Material has likely passed into public domain. Digital reproductions are made available by University of Idaho Library for educational purposes, and future use should acknowledge this repository. For more information, please contact University of Idaho Library Special Collections and Archives Department at [libspec@uidaho.edu](mailto:libspec@uidaho.edu). The University of Idaho Library is not liable for any violations of the law by users.",http://rightsstatements.org/vocab/NoC-US/1.0/,pdf,https://objects.lib.uidaho.edu/tpa/cda_tpa1922.pdf,https://objects.lib.uidaho.edu/tpa/small/cda_tpa1922_sm.jpg,https://objects.lib.uidaho.edu/tpa/thumbs/cda_tpa1922_th.jpg
tpa010,cda_tpa1923.pdf,Coeur d'Alene Timber Protective Association Eighteenth Annual Report,Coeur d'Alene Timber Protective Association,1923,1923,"The eighteenth annual report of the Coeur d'Alene Timber Protective Association includes the association president's report, a financial report, and a report from the Fire Warden describing the successful 1923 fire season and the purchase of additional fire pumps. The report also includes a state examiner's certificate confirming a successful audit, a table with descriptions of fires during the fire season, an inventory of firefighting equipment owned by the association, and a list of association members.",annual reports; financial statements; associations; fires (events); fire prevention; firefighting equipment; pumps (machinery),"Mica Creek; Marble Creek; Alder Creek; Spring Creek; Pine Creek; Katz Spur; Lotus, Idaho; Calder, Idaho; Gold Creek; Davis Creek; St. Maries, Idaho; Elk Basin","Coeur d'Alene, Idaho",47.6828119,-116.7823515,"Day - NW Collection, University of Idaho Library Special Collections and Archives",cda_tpa1923,Text,report,application/pdf,,Timber Protective Association Pamphlets,eng,"Material has likely passed into public domain. Digital reproductions are made available by University of Idaho Library for educational purposes, and future use should acknowledge this repository. For more information, please contact University of Idaho Library Special Collections and Archives Department at [libspec@uidaho.edu](mailto:libspec@uidaho.edu). The University of Idaho Library is not liable for any violations of the law by users.",http://rightsstatements.org/vocab/NoC-US/1.0/,pdf,https://objects.lib.uidaho.edu/tpa/cda_tpa1923.pdf,https://objects.lib.uidaho.edu/tpa/small/cda_tpa1923_sm.jpg,https://objects.lib.uidaho.edu/tpa/thumbs/cda_tpa1923_th.jpg
tpa011,cda_tpa1924.pdf,Coeur d'Alene Timber Protective Association Nineteenth Annual Report,Coeur d'Alene Timber Protective Association,1924,1924,"The nineteenth annual report of the Coeur d'Alene Timber Protective Association includes the association president's report, a financial report, and a report from the Fire Warden which describes the acquisition of a new fire pump and his preference for the old lookout station as opposed to the modern one. The report also includes a state examiner's certificate confirming a successful audit, a table with descriptions of fires during the fire season, an inventory of firefighting equipment owned by the association, and a list of association members.",annual reports; financial statements; associations; fires (events); fire prevention; firefighting equipment; watchtowers; pumps (machinery),Hatton Creek,"Coeur d'Alene, Idaho",47.6828119,-116.7823515,"Day - NW Collection, University of Idaho Library Special Collections and Archives",cda_tpa1924,Text,report,application/pdf,,Timber Protective Association Pamphlets,eng,"Material has likely passed into public domain. Digital reproductions are made available by University of Idaho Library for educational purposes, and future use should acknowledge this repository. For more information, please contact University of Idaho Library Special Collections and Archives Department at [libspec@uidaho.edu](mailto:libspec@uidaho.edu). The University of Idaho Library is not liable for any violations of the law by users.",http://rightsstatements.org/vocab/NoC-US/1.0/,pdf,https://objects.lib.uidaho.edu/tpa/cda_tpa1924.pdf,https://objects.lib.uidaho.edu/tpa/small/cda_tpa1924_sm.jpg,https://objects.lib.uidaho.edu/tpa/thumbs/cda_tpa1924_th.jpg
tpa012,pdo_pda1913.pdf,Pend d'Oreille Timber Protective Association Annual Report 1913,Pend d'Oreille Timber Protective Association,1913,1913,"The 1913 annual report of the Pend d'Oreille Timber Protective Association includes the Fire Committee's report, a financial report from the secretary, and a report from the Fire Warden describing his first year of operations as warden and detailing the fires during the season. There were 52 fires reported during the fire season.",annual reports; financial statements; associations; fires (events); fire prevention,"Laclede, Idaho","Sandpoint, Idaho",48.28046395,-116.5537756,"Day - NW Collection, University of Idaho Library Special Collections and Archives",pdo_pda1913,Text,report,application/pdf,,Timber Protective Association Pamphlets,eng,"Material has likely passed into public domain. Digital reproductions are made available by University of Idaho Library for educational purposes, and future use should acknowledge this repository. For more information, please contact University of Idaho Library Special Collections and Archives Department at [libspec@uidaho.edu](mailto:libspec@uidaho.edu). The University of Idaho Library is not liable for any violations of the law by users.",http://rightsstatements.org/vocab/NoC-US/1.0/,pdf,https://objects.lib.uidaho.edu/tpa/pdo_pda1913.pdf,https://objects.lib.uidaho.edu/tpa/small/pdo_pda1913_sm.jpg,https://objects.lib.uidaho.edu/tpa/thumbs/pdo_pda1913_th.jpg
tpa013,pdo_tpa1917.pdf,Pend d'Oreille Timber Protective Association Annual Report 1917,Pend d'Oreille Timber Protective Association,1917,1917,The 1917 annual report of the Pend d'Oreille Timber Protective Association includes a financial report from the secretary and a report from the Fire Warden describing the fire causes and the purchase of equipment and tools. The report also includes a table with descriptions of the 161 fires during the fire season.,annual reports; financial statements; associations; fires (events); fire prevention; trails (recreation areas); firefighting equipment,Smith Ranch; Grouse Creek; Priest River,"Sandpoint, Idaho",48.28046395,-116.5537756,"Day - NW Collection, University of Idaho Library Special Collections and Archives",pdo_tpa1917,Text,report,application/pdf,,Timber Protective Association Pamphlets,eng,"Material has likely passed into public domain. Digital reproductions are made available by University of Idaho Library for educational purposes, and future use should acknowledge this repository. For more information, please contact University of Idaho Library Special Collections and Archives Department at [libspec@uidaho.edu](mailto:libspec@uidaho.edu). The University of Idaho Library is not liable for any violations of the law by users.",http://rightsstatements.org/vocab/NoC-US/1.0/,pdf,https://objects.lib.uidaho.edu/tpa/pdo_tpa1917.pdf,https://objects.lib.uidaho.edu/tpa/small/pdo_tpa1917_sm.jpg,https://objects.lib.uidaho.edu/tpa/thumbs/pdo_tpa1917_th.jpg
tpa014,pdo_tpa1918.pdf,Pend d'Oreille Timber Protective Association Annual Report 1918,Pend d'Oreille Timber Protective Association,1918,1918,"The 1918 annual report of the Pend d'Oreille Timber Protective Association includes a brief report from the secretary-treasurer, a financial report, and a report from the Fire Warden describing the fires and timber loss during the season, along with the purchase of new equipment and the hiring of new firefighters. The report also includes a table with descriptions of the 99 fires during the fire season.",annual reports; financial statements; associations; fires (events); fire prevention; firefighting equipment; firefighters,Pine Creek; Quartz Mountain; Whitetail Butte; Grouse Mountain; Pack River; Falls Creek,"Sandpoint, Idaho",48.28046395,-116.5537756,"Day - NW Collection, University of Idaho Library Special Collections and Archives",pdo_tpa1918,Text,report,application/pdf,,Timber Protective Association Pamphlets,eng,"Material has likely passed into public domain. Digital reproductions are made available by University of Idaho Library for educational purposes, and future use should acknowledge this repository. For more information, please contact University of Idaho Library Special Collections and Archives Department at [libspec@uidaho.edu](mailto:libspec@uidaho.edu). The University of Idaho Library is not liable for any violations of the law by users.",http://rightsstatements.org/vocab/NoC-US/1.0/,pdf,https://objects.lib.uidaho.edu/tpa/pdo_tpa1918.pdf,https://objects.lib.uidaho.edu/tpa/small/pdo_tpa1918_sm.jpg,https://objects.lib.uidaho.edu/tpa/thumbs/pdo_tpa1918_th.jpg
tpa015,pdo_tpa1920.pdf,Thirteenth Annual Report of the Pend d'Oreille Timber Protective Association,Pend d'Oreille Timber Protective Association,1920,1920,"The 1920 annual report of the Pend d'Oreille Timber Protective Association includes the association president's report, a financial report, the auditor's report confirming a successful audit, the secretary-treasurer's report, and a report from the newly hired Fire Warden describing the fires during the season and recommendations for new equipment and improvements. The report also includes comparative statistics related to fires and rainfall from 1908-1920 and a table with descriptions of the 62 fires during the fire season.",annual reports; financial statements; associations; fires (events); fire prevention; firefighting equipment; watchtowers,"Priest River; Spirit Lake, Idaho; Soldier Creek; Indian Creek; Fry Creek; Trapper Creek","Sandpoint, Idaho",48.28046395,-116.5537756,"Day - NW Collection, University of Idaho Library Special Collections and Archives",pdo_tpa1920,Text,report,application/pdf,,Timber Protective Association Pamphlets,eng,"Material has likely passed into public domain. Digital reproductions are made available by University of Idaho Library for educational purposes, and future use should acknowledge this repository. For more information, please contact University of Idaho Library Special Collections and Archives Department at [libspec@uidaho.edu](mailto:libspec@uidaho.edu). The University of Idaho Library is not liable for any violations of the law by users.",http://rightsstatements.org/vocab/NoC-US/1.0/,pdf,https://objects.lib.uidaho.edu/tpa/pdo_tpa1920.pdf,https://objects.lib.uidaho.edu/tpa/small/pdo_tpa1920_sm.jpg,https://objects.lib.uidaho.edu/tpa/thumbs/pdo_tpa1920_th.jpg
tpa016,pdo_tpa1922.pdf,Fifteenth Annual Report of the Pend d'Oreille Timber Protective Association,Pend d'Oreille Timber Protective Association,1922,1922,"The 1922 annual report of the Pend d'Oreille Timber Protective Association includes the association president's report which highlights the success of the fire season and minimal losses, a financial report, the auditor's report confirming a successful audit, the secretary-treasurer's report, and a report from the Fire Warden describing the fires during the season, burning permits issues to settlers, and recommendations for new equipment. The report also includes comparative statistics related to fires and rainfall from 1908-1922 and a table with descriptions of the 130 fires during the fire season.",annual reports; financial statements; associations; fires (events); fire prevention; firefighting equipment; watchtowers,"Big Creek; Spirit Lake, Idaho; Caribou Creek","Sandpoint, Idaho",48.28046395,-116.5537756,"Day - NW Collection, University of Idaho Library Special Collections and Archives",pdo_tpa1922,Text,report,application/pdf,,Timber Protective Association Pamphlets,eng,"Material has likely passed into public domain. Digital reproductions are made available by University of Idaho Library for educational purposes, and future use should acknowledge this repository. For more information, please contact University of Idaho Library Special Collections and Archives Department at [libspec@uidaho.edu](mailto:libspec@uidaho.edu). The University of Idaho Library is not liable for any violations of the law by users.",http://rightsstatements.org/vocab/NoC-US/1.0/,pdf,https://objects.lib.uidaho.edu/tpa/pdo_tpa1922.pdf,https://objects.lib.uidaho.edu/tpa/small/pdo_tpa1922_sm.jpg,https://objects.lib.uidaho.edu/tpa/thumbs/pdo_tpa1922_th.jpg
tpa017,pdo_tpa1924.pdf,Seventeenth Annual Report of the Pend d'Oreille Timber Protective Association,Pend d'Oreille Timber Protective Association,1924,1924,"The 1924 annual report of the Pend d'Oreille Timber Protective Association includes a financial report, the auditor's report confirming a successful audit, the secretary-treasurer's report, and a report from the Chief Fire Warden describing the fires during the 1924 fire season (described as one of the longest fire seasons on record), burning permits issues to settlers, and recommendations for new equipment. Additionally, there is a report from the Deputy State Fire Warden on the findings and data from the Blister Rust Control Investigation. The annual report also includes comparative statistics related to fires and rainfall from 1908-1924, a table with descriptions of the 176 fires during the fire season, and a summary of the national forest fire situation and reforestation policies.",annual reports; financial statements; associations; fires (events); fire prevention; firefighting equipment; watchtowers,"Grouse Creek; Sadder Creek; Pine Creek; Edgemere, Idaho; Colburn, Idaho; Albany Falls","Sandpoint, Idaho",48.28046395,-116.5537756,"Day - NW Collection, University of Idaho Library Special Collections and Archives",pdo_tpa1924,Text,report,application/pdf,,Timber Protective Association Pamphlets,eng,"Material has likely passed into public domain. Digital reproductions are made available by University of Idaho Library for educational purposes, and future use should acknowledge this repository. For more information, please contact University of Idaho Library Special Collections and Archives Department at [libspec@uidaho.edu](mailto:libspec@uidaho.edu). The University of Idaho Library is not liable for any violations of the law by users.",http://rightsstatements.org/vocab/NoC-US/1.0/,pdf,https://objects.lib.uidaho.edu/tpa/pdo_tpa1924.pdf,https://objects.lib.uidaho.edu/tpa/small/pdo_tpa1924_sm.jpg,https://objects.lib.uidaho.edu/tpa/thumbs/pdo_tpa1924_th.jpg
tpa018,pdo_tpa1927-1928.pdf,Twentieth and Twenty-First Annual Reports of the Pend d'Oreille Timber Protective Association,Pend d'Oreille Timber Protective Association,1928,1927-1928,"The 1927-1928 biennial reports of the Pend d'Oreille Timber Protective Association include the association president's report, financial reports, auditor's certificates, the secretary-treasurer's report, and reports from the Chief Fire Warden on the 1927 and 1928 fire seasons. The Fire Warden describes 1928 as a fair season with 154 fires and 1927 as a favorable season with 106 fires. The biennial reports also include comparative statistics related to fires and rainfall from 1908-1928 and tables with descriptions of the fires during the 1927 and 1928 fire seasons.",annual reports; financial statements; associations; fires (events); fire prevention; firefighting equipment; pumps (mechanical); trails (recreational),Lightning Creek; Pack River; Hellroaring Creek,"Sandpoint, Idaho",48.28046395,-116.5537756,"Day - NW Collection, University of Idaho Library Special Collections and Archives",pdo_tpa1927-1928,Text,report,application/pdf,,Timber Protective Association Pamphlets,eng,"In copyright, educational use permitted. Educational use includes non-commercial reproduction of text and images in materials for teaching and research purposes. For other contexts beyond fair use, including digital reproduction, please contact the University of Idaho Library Special Collections and Archives Department at [libspec@uidaho.edu](mailto:libspec@uidaho.edu). The University of Idaho Library is not liable for any violations of the law by users.",http://rightsstatements.org/vocab/InC-EDU/1.0/,pdf,https://objects.lib.uidaho.edu/tpa/pdo_tpa1927-1928.pdf,https://objects.lib.uidaho.edu/tpa/small/pdo_tpa1927-1928_sm.jpg,https://objects.lib.uidaho.edu/tpa/thumbs/pdo_tpa1927-1928_th.jpg
tpa019,pdo_tpa1929-1930.pdf,Twenty-Second and Twenty-Third Annual Reports of the Pend d'Oreille Timber Protective Association,Pend d'Oreille Timber Protective Association,1930,1929-1930,"The 1929-1930 biennial reports of the Pend d'Oreille Timber Protective Association include financial reports, auditor's certificates, a report from the new Chief Fire Warden on the 1929-1930 fire seasons, the secretary-treasurer's report, and comparative statistics related to fires and rainfall from 1908-1930. The Fire Warden's report states that the 1929 fire season was ""the most expensive and hazardous this territory has ever known"" with 189 fires reported. The secretary-treasurer's report summarizes that many members withdrew from the association after bills were paid for the 1929 fire season and that in 1930, the area protected by the association was reduced from from 750,000 to 330,000 acres.",annual reports; financial statements; associations; fires (events); fire prevention; fire damage,"Pend d'Oreille National Forest; Pack River; Elmira, Idaho; Bonners Ferry, Idaho; Sweitzer Creek","Sandpoint, Idaho",48.28046395,-116.5537756,"Day - NW Collection, University of Idaho Library Special Collections and Archives",pdo_tpa1929-1930,Text,report,application/pdf,,Timber Protective Association Pamphlets,eng,"In copyright, educational use permitted. Educational use includes non-commercial reproduction of text and images in materials for teaching and research purposes. For other contexts beyond fair use, including digital reproduction, please contact the University of Idaho Library Special Collections and Archives Department at [libspec@uidaho.edu](mailto:libspec@uidaho.edu). The University of Idaho Library is not liable for any violations of the law by users.",http://rightsstatements.org/vocab/InC-EDU/1.0/,pdf,https://objects.lib.uidaho.edu/tpa/pdo_tpa1929-1930.pdf,https://objects.lib.uidaho.edu/tpa/small/pdo_tpa1929-1930_sm.jpg,https://objects.lib.uidaho.edu/tpa/thumbs/pdo_tpa1929-1930_th.jpg
tpa020,pdo_tpa1931.pdf,Twenty-Fourth and Twenty-Fifth Annual Reports of the Pend d'Oreille Timber Protective Association,Pend d'Oreille Timber Protective Association,1932,1931-1932,"The 1931-1932 biennial reports of the Pend d'Oreille Timber Protective Association include financial reports, an auditor's certificate for 1931, the secretary-treasurer's report, a report from the Chief Fire Warden on operations during the 1931-1932 fire seasons, and comparative statistics related to fires and rainfall from 1908-1932. The Fire Warden's report highlights the dry weather and low humidity during the 1931 fire season in which there were 104 fires and notes the decrease in wages for wardens and temporary firefighters in 1931 and 1932.",annual reports; financial statements; associations; fires (events); fire prevention; firefighters,"Freeman Lake; Blanchard, Idaho","Sandpoint, Idaho",48.28046395,-116.5537756,"Day - NW Collection, University of Idaho Library Special Collections and Archives",pdo_tpa1931,Text,report,application/pdf,,Timber Protective Association Pamphlets,eng,"In copyright, educational use permitted. Educational use includes non-commercial reproduction of text and images in materials for teaching and research purposes. For other contexts beyond fair use, including digital reproduction, please contact the University of Idaho Library Special Collections and Archives Department at [libspec@uidaho.edu](mailto:libspec@uidaho.edu). The University of Idaho Library is not liable for any violations of the law by users.",http://rightsstatements.org/vocab/InC-EDU/1.0/,pdf,https://objects.lib.uidaho.edu/tpa/pdo_tpa1931.pdf,https://objects.lib.uidaho.edu/tpa/small/pdo_tpa1931_sm.jpg,https://objects.lib.uidaho.edu/tpa/thumbs/pdo_tpa1931_th.jpg
tpa021,pot_tpa1918.pdf,Annual Report Potlatch Timber Protective Association 1918,Potlatch Timber Protective Association,1918,1918,"The 1918 annual report of the Potlatch Timber Protective Association includes the association president's report, a financial report, the auditing committee's report, and a report from the Fire Warden on new trails, telephone line development, the labor situation, lookout development, and information about the 25 fires during the season. The president's report describes the appointment of a new fire warden, the new headquarters building, and other news. The annual report also features a table related to fire locations and damage during the 1918 season and a table about the season's weather.",annual reports; financial statements; associations; fires (events); telephones; fire prevention; trails (recreation areas); watchtowers; fire damage,"Elk River, Idaho","Potlatch, Idaho",46.92237574,-116.898026,"Day - NW Collection, University of Idaho Library Special Collections and Archives",pot_tpa1918,Text,report,application/pdf,,Timber Protective Association Pamphlets,eng,"Material has likely passed into public domain. Digital reproductions are made available by University of Idaho Library for educational purposes, and future use should acknowledge this repository. For more information, please contact University of Idaho Library Special Collections and Archives Department at [libspec@uidaho.edu](mailto:libspec@uidaho.edu). The University of Idaho Library is not liable for any violations of the law by users.",http://rightsstatements.org/vocab/NoC-US/1.0/,pdf,https://objects.lib.uidaho.edu/tpa/pot_tpa1918.pdf,https://objects.lib.uidaho.edu/tpa/small/pot_tpa1918_sm.jpg,https://objects.lib.uidaho.edu/tpa/thumbs/pot_tpa1918_th.jpg
tpa022,pot_tpa1919.pdf,Annual Report Potlatch Timber Protective Association 1919,Potlatch Timber Protective Association,1919,1919,"The 1919 annual report of the Potlatch Timber Protective Association includes the association president's report, a financial report, an auditing report, and a report from the Fire Warden on the lack of new trails, telephone line development, the labor situation, and information about the 56 fires during the season. The president's report describes the timber loss during the 1919 fire season and the resignation of the previous fire warden. The annual report also features an inventory of equipment and a table related to fire locations and damage during the 1919 season.",annual reports; financial statements; associations; fires (events); telephones; fire prevention; firefighting equipment; fire damage,Gold Creek Basin,"Potlatch, Idaho",46.92237574,-116.898026,"Day - NW Collection, University of Idaho Library Special Collections and Archives",pot_tpa1919,Text,report,application/pdf,,Timber Protective Association Pamphlets,eng,"Material has likely passed into public domain. Digital reproductions are made available by University of Idaho Library for educational purposes, and future use should acknowledge this repository. For more information, please contact University of Idaho Library Special Collections and Archives Department at [libspec@uidaho.edu](mailto:libspec@uidaho.edu). The University of Idaho Library is not liable for any violations of the law by users.",http://rightsstatements.org/vocab/NoC-US/1.0/,pdf,https://objects.lib.uidaho.edu/tpa/pot_tpa1919.pdf,https://objects.lib.uidaho.edu/tpa/small/pot_tpa1919_sm.jpg,https://objects.lib.uidaho.edu/tpa/thumbs/pot_tpa1919_th.jpg
tpa023,pot_tpa1921.pdf,Annual Report Potlatch Timber Protective Association 1921,Potlatch Timber Protective Association,1921,1921,"The 1921 annual report of the Potlatch Timber Protective Association includes a financial report, an auditing report, and a report from the Fire Warden on headquarters improvements, telephone line repair and development, lookout development, information about the 27 fires handled by the association during the season, and other details related to seasonal operations. The annual report also features tables about the season's climactic conditions and a table related to fire locations and damage during the 1921 season.",annual reports; financial statements; associations; fires (events); telephones; fire prevention; firefighting equipment; watchtowers; fire damage,"Bovill, Idaho; Princeton, Idaho","Potlatch, Idaho",46.92237574,-116.898026,"Day - NW Collection, University of Idaho Library Special Collections and Archives",pot_tpa1921,Text,report,application/pdf,,Timber Protective Association Pamphlets,eng,"Material has likely passed into public domain. Digital reproductions are made available by University of Idaho Library for educational purposes, and future use should acknowledge this repository. For more information, please contact University of Idaho Library Special Collections and Archives Department at [libspec@uidaho.edu](mailto:libspec@uidaho.edu). The University of Idaho Library is not liable for any violations of the law by users.",http://rightsstatements.org/vocab/NoC-US/1.0/,pdf,https://objects.lib.uidaho.edu/tpa/pot_tpa1921.pdf,https://objects.lib.uidaho.edu/tpa/small/pot_tpa1921_sm.jpg,https://objects.lib.uidaho.edu/tpa/thumbs/pot_tpa1921_th.jpg
tpa024,pot_tpa1923-1924.pdf,Combined Annual Reports Potlatch Timber Protective Association 1923-1924,Potlatch Timber Protective Association,1924,1923-1924,"The 1923-1924 combined annual reports of the Potlatch Timber Protective Association include financial reports, auditing reports, and two separate reports from the Fire Warden on the 1923 and 1924 fire seasons. The Fire Warden described 1923 as a favorable season and reported on operations and many improvements, such as new trails, new telephone lines, and headquarters improvements. In his 1924 report, the Fire Warden described the fire season as more hazardous and reported on operations, improvements, and the purchase of a new fire pump. The annual report also features tables about climactic conditions and tables related to fire locations and damage during the 1923 and 1924 fire seasons.",annual reports; financial statements; associations; fires (events); telephones; fire prevention; firefighting equipment; watchtowers; fire damage; pumps (mechanical),"Elk River, Idaho; Elk Creek; North Fork River; Stocking Meadows","Potlatch, Idaho",46.92237574,-116.898026,"Day - NW Collection, University of Idaho Library Special Collections and Archives",pot_tpa1923-1924,Text,report,application/pdf,,Timber Protective Association Pamphlets,eng,"Material has likely passed into public domain. Digital reproductions are made available by University of Idaho Library for educational purposes, and future use should acknowledge this repository. For more information, please contact University of Idaho Library Special Collections and Archives Department at [libspec@uidaho.edu](mailto:libspec@uidaho.edu). The University of Idaho Library is not liable for any violations of the law by users.",http://rightsstatements.org/vocab/NoC-US/1.0/,pdf,https://objects.lib.uidaho.edu/tpa/pot_tpa1923-1924.pdf,https://objects.lib.uidaho.edu/tpa/small/pot_tpa1923-1924_sm.jpg,https://objects.lib.uidaho.edu/tpa/thumbs/pot_tpa1923-1924_th.jpg
tpa025,pot_tpa1925-1926.pdf,Combined Annual Reports Potlatch Timber Protective Association 1925-1926,Potlatch Timber Protective Association,1926,1925-1926,"The 1925-1926 combined annual reports of the Potlatch Timber Protective Association include financial reports, auditing reports, and a combined report from the Fire Warden on the 1925 and 1926 fire seasons. The Fire Warden states that there was a change in the exterior boundaries of the District in 1925 and reports on the Idaho Forestry Law, operations and labor conditions, law enforcement of fire laws, as well as many improvements, such as new trails, telephone lines, and lookout towers. The annual report also features tables about climactic conditions and tables related to fire locations and damage during the 1925 and 1926 fire seasons.",annual reports; financial statements; associations; fires (events); telephones; fire prevention; fire damage; thunderstorms; pumps (mechanical),"Elk Creek Basin; Clearwater River; Robinson Creek; Buswell, Idaho; Manson, Idaho; Gold Butte; Falls Creek; Stoney Creek","Potlatch, Idaho",46.92237574,-116.898026,"Day - NW Collection, University of Idaho Library Special Collections and Archives",pot_tpa1925-1926,Text,report,application/pdf,,Timber Protective Association Pamphlets,eng,"Material has likely passed into public domain. Digital reproductions are made available by University of Idaho Library for educational purposes, and future use should acknowledge this repository. For more information, please contact University of Idaho Library Special Collections and Archives Department at [libspec@uidaho.edu](mailto:libspec@uidaho.edu). The University of Idaho Library is not liable for any violations of the law by users.",http://rightsstatements.org/vocab/NoC-US/1.0/,pdf,https://objects.lib.uidaho.edu/tpa/pot_tpa1925-1926.pdf,https://objects.lib.uidaho.edu/tpa/small/pot_tpa1925-1926_sm.jpg,https://objects.lib.uidaho.edu/tpa/thumbs/pot_tpa1925-1926_th.jpg
tpa026,pot_tpa1927.pdf,Combined Annual Reports Potlatch Timber Protective Association 1927-1928,Potlatch Timber Protective Association,1928,1927-1928,"The 1927-1928 combined annual reports of the Potlatch Timber Protective Association include financial reports, auditing reports, and a combined report from the Fire Warden on the 1927 and 1928 fire seasons. The warden describes the 1927 season as favorable, whereas the 1928 season was more hazardous and sustained twice as many fires as 1927. He also provides information on the Fallon Fire Law and the Clarke-McNary Act and reports on general operations, labor conditions, new trails and lookout towers, and an inspection conducted by the Idaho State Board of Land Commissioner. The annual report features tables about climactic conditions and tables related to fire locations and damage during the 1927 and 1928 fire seasons.",annual reports; financial statements; associations; fires (events); fire prevention; firefighting equipment; fire damage; thunderstorms; pumps (mechanical),"Deary, Idaho; Helmer, Idaho","Potlatch, Idaho",46.92237574,-116.898026,"Day - NW Collection, University of Idaho Library Special Collections and Archives",pot_tpa1927,Text,report,application/pdf,,Timber Protective Association Pamphlets,eng,"In copyright, educational use permitted. Educational use includes non-commercial reproduction of text and images in materials for teaching and research purposes. For other contexts beyond fair use, including digital reproduction, please contact the University of Idaho Library Special Collections and Archives Department at [libspec@uidaho.edu](mailto:libspec@uidaho.edu). The University of Idaho Library is not liable for any violations of the law by users.",http://rightsstatements.org/vocab/InC-EDU/1.0/,pdf,https://objects.lib.uidaho.edu/tpa/pot_tpa1927.pdf,https://objects.lib.uidaho.edu/tpa/small/pot_tpa1927_sm.jpg,https://objects.lib.uidaho.edu/tpa/thumbs/pot_tpa1927_th.jpg
tpa027,pot_tpa1929.pdf,Combined Annual Reports Potlatch Timber Protective Association 1929-1930,Potlatch Timber Protective Association,1930,1929-1930,"The 1929-1930 combined annual reports of the Potlatch Timber Protective Association include financial reports, auditing reports, and a combined report from the Fire Warden on the 1929 and 1930 fire seasons. The warden describes the 1929 season as the longest and driest on record, with greater fire damage than any season since 1919, whereas the 1930 season was more favorable and had fewer fires. He provides information on Idaho forestry laws and a change in district boundaries and reports on general operations and improvements, such as new trails, telephone lines, lookout towers, and headquarters improvements. The annual report features tables about climactic conditions and tables related to fire locations and damage during the 1929 and 1930 fire seasons.",annual reports; financial statements; associations; fires (events); telephones; fire prevention; firefighting equipment; fire damage; thunderstorms,"White Rock Springs; Potlatch Creek; Bovill, Idaho; Collins, Idaho; Feather Creek","Potlatch, Idaho",46.92237574,-116.898026,"Day - NW Collection, University of Idaho Library Special Collections and Archives",pot_tpa1929,Text,report,application/pdf,,Timber Protective Association Pamphlets,eng,"In copyright, educational use permitted. Educational use includes non-commercial reproduction of text and images in materials for teaching and research purposes. For other contexts beyond fair use, including digital reproduction, please contact the University of Idaho Library Special Collections and Archives Department at [libspec@uidaho.edu](mailto:libspec@uidaho.edu). The University of Idaho Library is not liable for any violations of the law by users.",http://rightsstatements.org/vocab/InC-EDU/1.0/,pdf,https://objects.lib.uidaho.edu/tpa/pot_tpa1929.pdf,https://objects.lib.uidaho.edu/tpa/small/pot_tpa1929_sm.jpg,https://objects.lib.uidaho.edu/tpa/thumbs/pot_tpa1929_th.jpg
tpa028,pot_tpa1931-1932.pdf,Combined Annual Reports Potlatch Timber Protective Association 1931-1932,Potlatch Timber Protective Association,1932,1931-1932,"The 1931-1932 combined annual reports of the Potlatch Timber Protective Association include financial reports, auditing reports, and two separate reports from the Fire Warden on the 1931 and 1932 fire seasons. The warden describes 1931 as one of the worst seasons due to an increase in incendiarism with more losses in farm homes than previous seasons, whereas 1932 was the most favorable fire season since 1923 in terms of losses and expenses. The warden calls for more protection from incendiarism and reports on a members' inspection trip, the opening of a new Headquarters at Elk River, general operations, and improvements, such as new trails, lookouts, and telephone lines. The annual report features tables about climactic conditions and tables related to fire locations and damage during the 1931 and 1932 fire seasons.",annual reports; financial statements; associations; fires (events); telephones; fire prevention; firefighting equipment; fire damage; arson,"Clearwater River; Clearwater National Forest; Elk River; McGary Butte; Troy, Idaho; Long Meadow Creek; Potlatch Creek; Alderman Ridge","Potlatch, Idaho",46.92237574,-116.898026,"Day - NW Collection, University of Idaho Library Special Collections and Archives",pot_tpa1931-1932,Text,report,application/pdf,,Timber Protective Association Pamphlets,eng,"In copyright, educational use permitted. Educational use includes non-commercial reproduction of text and images in materials for teaching and research purposes. For other contexts beyond fair use, including digital reproduction, please contact the University of Idaho Library Special Collections and Archives Department at [libspec@uidaho.edu](mailto:libspec@uidaho.edu). The University of Idaho Library is not liable for any violations of the law by users.",http://rightsstatements.org/vocab/InC-EDU/1.0/,pdf,https://objects.lib.uidaho.edu/tpa/pot_tpa1931-1932.pdf,https://objects.lib.uidaho.edu/tpa/small/pot_tpa1931-1932_sm.jpg,https://objects.lib.uidaho.edu/tpa/thumbs/pot_tpa1931-1932_th.jpg
tpa029,pot_tpa1939-1940.pdf,Combined Annual Reports Potlatch Timber Protective Association 1939-1940,Potlatch Timber Protective Association,1940,1939-1940,"The 1939-1940 combined annual reports of the Potlatch Timber Protective Association include financial reports, auditing reports, and two separate reports from the Fire Warden on the 1939 and 1940 fire seasons in which he stated that the 1939 season had 50 fires with light losses at moderate expense and the 1940 season had 42 fires with minimal losses and the smallest number of human-caused fires during any season in the history of the association. In 1940, the association employed a grazing inspector, a forestry student at the University of Idaho, to study range conditions and ascertain the location and extent of poisonous plant areas and their effect on grazing. The warden also reports on logging operations, maintenance, and improvements, such as the purchase of a bulldozer, new roads, and telephone lines. The annual report features tables about climactic conditions and tables related to fire locations and damage during the 1939 and 1940 fire seasons.",annual reports; financial statements; associations; fires (events); telephones; fire prevention; firefighting equipment; fire damage; bulldozers,,"Potlatch, Idaho",46.92237574,-116.898026,"Day - NW Collection, University of Idaho Library Special Collections and Archives",pot_tpa1939-1940,Text,report,application/pdf,,Timber Protective Association Pamphlets,eng,"In copyright, educational use permitted. Educational use includes non-commercial reproduction of text and images in materials for teaching and research purposes. For other contexts beyond fair use, including digital reproduction, please contact the University of Idaho Library Special Collections and Archives Department at [libspec@uidaho.edu](mailto:libspec@uidaho.edu). The University of Idaho Library is not liable for any violations of the law by users.",http://rightsstatements.org/vocab/InC-EDU/1.0/,pdf,https://objects.lib.uidaho.edu/tpa/pot_tpa1939-1940.pdf,https://objects.lib.uidaho.edu/tpa/small/pot_tpa1939-1940_sm.jpg,https://objects.lib.uidaho.edu/tpa/thumbs/pot_tpa1939-1940_th.jpg
tpa030,pot_tpa1947-1948.pdf,Combined Annual Reports Potlatch Timber Protective Association 1947-1948,Potlatch Timber Protective Association,1948,1947-1948,"The 1947-1948 combined annual reports of the Potlatch Timber Protective Association include general recommendations, a report from the Regional Leader of the White Pine Blister Rust Control, financial reports and two separate reports from the Fire Warden on the 1947 and 1948 fire seasons in which the warden states that the 1947 season involved an electrical storm responsible for 52 of the 70 total fires of the season and the 1948 season was successful with only 22 fires. The warden reports on general operations, the ""Keep Idaho Green"" publicity campaign, and new improvements, such as airfield renovations, a steel watchtower on Elk Butte, a radio system, a portable electric megaphone, and an increase in the use of airplanes for scouting work. The annual report features tables about climactic conditions and tables related to fire locations and damage during the 1947 and 1948 fire seasons.",annual reports; financial statements; associations; fires (events); fire prevention; firefighting equipment; fire damage; airplanes; radio (telecommunications system); megaphones,"Hog Meadow; Feather Creek; Breakfast Creek; Elk Creek; Sheep Creek; Collins, Idaho; Robinson Ridge; Emerald Creek; Gold Creek; Three Bear Creek; Badger Trail; Mason Meadows; Tamarack Ridge; Helmer, Idaho; McGary Butte; Bovill, Idaho; Mason Butte; Elk River; Falls Creek; Gardner Creek; Stoney Creek; Grice Ridge; Goat Mountain; Stocking Meadows; Dent, Idaho; Fay Creek; Smith Ridge; Isabella Creek","Potlatch, Idaho",46.92237574,-116.898026,"Day - NW Collection, University of Idaho Library Special Collections and Archives",pot_tpa1939,Text,report,application/pdf,,Timber Protective Association Pamphlets,eng,"In copyright, educational use permitted. Educational use includes non-commercial reproduction of text and images in materials for teaching and research purposes. For other contexts beyond fair use, including digital reproduction, please contact the University of Idaho Library Special Collections and Archives Department at [libspec@uidaho.edu](mailto:libspec@uidaho.edu). The University of Idaho Library is not liable for any violations of the law by users.",http://rightsstatements.org/vocab/InC-EDU/1.0/,pdf,https://objects.lib.uidaho.edu/tpa/pot_tpa1947-1948.pdf,https://objects.lib.uidaho.edu/tpa/small/pot_tpa1947-1948_sm.jpg,https://objects.lib.uidaho.edu/tpa/thumbs/pot_tpa1947-1948_th.jpg
tpa031,pot_tpa1949.pdf,Combined Annual Reports Potlatch Timber Protective Association 1949-1950,Potlatch Timber Protective Association,1950,1949-1950,"The 1949-1950 combined annual reports of the Potlatch Timber Protective Association include general recommendations, a report on blister rust control operations, financial reports, and two separate reports from the Fire Warden on the 1947 and 1948 fire seasons in which the warden states that the 1949 season was long and difficult with 53 total fires and the 1950 season was successful with 69 total fires, the majority of which were caused by lightning. The warden reports on the ""Keep Idaho Green"" publicity campaign, the extensive use of airplanes for scouting, the development of new roads, new radio equipment, a fire plan for industrial logging operations, and a fire training school held at Elk River in cooperation with the Clearwater Association. The annual report features tables about climactic conditions and tables related to fire locations and damage during the 1949 and 1950 fire seasons.",annual reports; financial statements; associations; fires (events); fire prevention; firefighting equipment; fire damage; airplanes; radio (telecommunications system); megaphones; thunderstorms,"Christiansen Creek; Hog Meadow; Mason Butte; Elk River Pond; Goat Mountain; Cedar Ridge; Dicks Creek; Moose Creek; Jericho Ridge; Pinchot Mountain; Brown's Creek; Shattuck Butte; Swamp Creek; Tom Howard Creek; Elk Creek; Breakfast Creek; Longs Creek; McGary Butte; Stanton Creek; Smith Ridge; Cedar Creek; Gold Butte; Big Island; Fry Creek; Feather Creek; Homestead Creek; Bovill, Idaho; Boulder Creek; Jackson Butte; Butterfield Creek; Stoney Creek; Potlatch Creek; Cherry Butte; Four Corners, Idaho; Baldy Bear Creek; Isabella Creek; Big Creek","Potlatch, Idaho",46.92237574,-116.898026,"Day - NW Collection, University of Idaho Library Special Collections and Archives",pot_tpa1949,Text,report,application/pdf,,Timber Protective Association Pamphlets,eng,"In copyright, educational use permitted. Educational use includes non-commercial reproduction of text and images in materials for teaching and research purposes. For other contexts beyond fair use, including digital reproduction, please contact the University of Idaho Library Special Collections and Archives Department at [libspec@uidaho.edu](mailto:libspec@uidaho.edu). The University of Idaho Library is not liable for any violations of the law by users.",http://rightsstatements.org/vocab/InC-EDU/1.0/,pdf,https://objects.lib.uidaho.edu/tpa/pot_tpa1949.pdf,https://objects.lib.uidaho.edu/tpa/small/pot_tpa1949_sm.jpg,https://objects.lib.uidaho.edu/tpa/thumbs/pot_tpa1949_th.jpg
tpa032,pot_tpa1951-1952.pdf,Combined Annual Reports Potlatch Timber Protective Association 1951-1952,Potlatch Timber Protective Association,1952,1951-1952,"The 1951-1952 combined annual reports of the Potlatch Timber Protective Association include financial reports, a report on blister rust control operations, and two separate reports from the Fire Warden on the 1951 and 1952 fire seasons. The warden describes 1951 as one of the longest and most dangerous fire seasons on record with 46 fires reported and 1952 as a long and dry fire season with minimal timber loss and 40 fires reported. The warden reports on the ""Keep Idaho Green"" publicity campaign, maintenance and repairs, fire plans, fire hazards as a result of hunting season, fire training schools, inspections, new tanker trucks, and improvements in airplane and radio operations. The annual report features tables about climactic conditions and tables related to fire locations and damage during the 1951 and 1952 fire seasons.",annual reports; financial statements; associations; fires (events); fire prevention; firefighting equipment; fire damage; tank trucks; airplanes; radio (telecommunications system),"Shattuck Butte; Oviat Creek; Elk Creek; Butterfield Creek; Stanton Creek; Stocking Meadows; Floodwood State Forest; Cranberry Creek; Goat Creek; Gold Butte; Bronson Meadow; Green Mountain; McGary Butte; Elk River; Potlatch Creek; Tamarack Mountain; Dent, Idaho; Gold Hill; Stoney Creek; Timber Creek; Smith Ridge; Woesner Ridge; Falls Creek Ridge; Cedar Creek; St. Maries River; Big Island; Freeman Creek; Boehl's Butte; Pinchot Mountain","Potlatch, Idaho",46.92237574,-116.898026,"Day - NW Collection, University of Idaho Library Special Collections and Archives",pot_tpa1951-1952,Text,report,application/pdf,,Timber Protective Association Pamphlets,eng,"In copyright, educational use permitted. Educational use includes non-commercial reproduction of text and images in materials for teaching and research purposes. For other contexts beyond fair use, including digital reproduction, please contact the University of Idaho Library Special Collections and Archives Department at [libspec@uidaho.edu](mailto:libspec@uidaho.edu). The University of Idaho Library is not liable for any violations of the law by users.",http://rightsstatements.org/vocab/InC-EDU/1.0/,pdf,https://objects.lib.uidaho.edu/tpa/pot_tpa1951-1952.pdf,https://objects.lib.uidaho.edu/tpa/small/pot_tpa1951-1952_sm.jpg,https://objects.lib.uidaho.edu/tpa/thumbs/pot_tpa1951-1952_th.jpg
tpa033,pot_tpa1953-1954.pdf,Combined Annual Reports Potlatch Timber Protective Association 1953-1954,Potlatch Timber Protective Association,1954,1953-1954,"The 1953-1954 combined annual reports of the Potlatch Timber Protective Association include financial reports and two separate reports from the Fire Warden on the 1953 and 1954 fire seasons. The 1953 season was long and dry with normal fire occurances and 1954 also did not have great fire difficulty. The warden reports on labor and training, the ""Keep Idaho Green"" publicity campaign, maintenance work, blister rust control, hunting season, fire inspections, air operations, recommendations, and improvements, such as new airplane radios and fire control roads. The annual report features tables about climactic conditions and tables related to fire locations and damage during the 1953 and 1954 fire seasons.",annual reports; financial statements; associations; fires (events); fire prevention; firefighting equipment; fire damage; tank trucks; airplanes; radio (telecommunications system),"Elk Creek; Cameron, Idaho; Squaw Creek; Teakean Butte; Potlatch Creek; St. Joe, Idaho; Swamp Creek; Breakfast Creek; Tamarack Ridge; Gold Hill; Gold Creek; Gold Butte; Shattuck Butte; Bull Run Creek; Sour Dough Mountain; Collins, Idaho; Beals Butte; Stoney Butte; Copper Creek; Shea Meadows; Moose Creek; Cold Creek; McGary Butte; Cedar Creek; Stanton Creek; Helmer, Idaho; Bovill, Idaho; Hemlock Butte","Potlatch, Idaho",46.92237574,-116.898026,"Day - NW Collection, University of Idaho Library Special Collections and Archives",pot_tpa1953-1954,Text,report,application/pdf,,Timber Protective Association Pamphlets,eng,"In copyright, educational use permitted. Educational use includes non-commercial reproduction of text and images in materials for teaching and research purposes. For other contexts beyond fair use, including digital reproduction, please contact the University of Idaho Library Special Collections and Archives Department at [libspec@uidaho.edu](mailto:libspec@uidaho.edu). The University of Idaho Library is not liable for any violations of the law by users.",http://rightsstatements.org/vocab/InC-EDU/1.0/,pdf,https://objects.lib.uidaho.edu/tpa/pot_tpa1953-1954.pdf,https://objects.lib.uidaho.edu/tpa/small/pot_tpa1953-1954_sm.jpg,https://objects.lib.uidaho.edu/tpa/thumbs/pot_tpa1953-1954_th.jpg
tpa034,pot_tpa1955-1956.pdf,Combined Annual Reports Potlatch Timber Protective Association 1955-1956,Potlatch Timber Protective Association,1956,1955-1956,"The 1955-1956 combined annual reports of the Potlatch Timber Protective Association include financial reports and two separate reports from the Fire Warden on the 1955 and 1956 fire seasons. The warden describes 1955 as a safe fire season with only 26 fires recorded and 1956 as a very successful fire season with minimal timber loss. The warden reports on fire training and fire conferences, the ""Keep Idaho Green"" publicity campaign, air operations, forest insect control, blister rust control, improvements, and recommendations for the future. The annual report features tables about climactic conditions and tables related to fire locations and damage during the 1955 and 1956 fire seasons.",annual reports; financial statements; associations; fires (events); fire prevention; firefighting equipment; fire damage; thunderstorms; airplanes; radio (telecommunications system),"Hemlock Butte; Stoney Creek; Cedar Creek; Goat Creek; Stocking Meadows; Gold Creek; Timber Creek; Smith Ridge; Tamarack Ridge; Breakfast Creek; Colwell Creek; Goat Mountain; O'Donnell Creek; Homestead Creek; Meadow Creek; Jackson Butte; Glove Creek; Moose Creek; Isabella Ridge; Mason Butte; Boehl's Butte; Moose Meadows; Bobs Creek; Trail Creek; Shattuck Creek; Dicks Creek; Swamp Creek; Elk Creek; Potlatch Creek; Feather Creek; Kuykendahl Creek; Foehl Creek; Hog Meadow; Falls Creek; Alderman Ridge; Bovill, Idaho","Potlatch, Idaho",46.92237574,-116.898026,"Day - NW Collection, University of Idaho Library Special Collections and Archives",pot_tpa1955-1956,Text,report,application/pdf,,Timber Protective Association Pamphlets,eng,"In copyright, educational use permitted. Educational use includes non-commercial reproduction of text and images in materials for teaching and research purposes. For other contexts beyond fair use, including digital reproduction, please contact the University of Idaho Library Special Collections and Archives Department at [libspec@uidaho.edu](mailto:libspec@uidaho.edu). The University of Idaho Library is not liable for any violations of the law by users.",http://rightsstatements.org/vocab/InC-EDU/1.0/,pdf,https://objects.lib.uidaho.edu/tpa/pot_tpa1955-1956.pdf,https://objects.lib.uidaho.edu/tpa/small/pot_tpa1955-1956_sm.jpg,https://objects.lib.uidaho.edu/tpa/thumbs/pot_tpa1955-1956_th.jpg
tpa035,pot_tpa1957-1958.pdf,Combined Annual Reports Potlatch Timber Protective Association 1957-1958,Potlatch Timber Protective Association,1958,1957-1958,"The 1957-1958 combined annual reports of the Potlatch Timber Protective Association include financial reports and two separate reports from the Fire Warden on the 1947 and 1948 fire seasons. The warden describes 1957 as a favorable fire season despite being one of the longest and driest fire seasons on record; likewise, 1958 was a dangerous and dry fire season which was successfully managed. The warden reports on the Clarke-McNary Act, the excess property program, the association's new forestry program, blister rust control, inspections, air patrol use, and improvements. The annual report features tables about climactic conditions and tables related to fire locations and damage during the 1957 and 1958 fire seasons.",annual reports; financial statements; associations; fires (events); fire prevention; firefighting equipment; fire damage; thunderstorms; airplanes ,"Moose Creek; Neva Hill; Alderman Ridge; Breakfast Creek; Homestead Creek; Morris Creek; Kuykendahl Creek; Stocking Meadows; Boulder Creek; Bovill, Idaho; Elmberry Ridge; Shattuck Butte; O'Donnell Peak; Cranberry Creek; Jackson Mountain; Colwell Creek; Drift Creek; Grice Ridge; Cedar Creek Ridge; Canoe Creek Ridge; Battle Creek; Mason Butte; Isabella Ridge; Stoney Creek; Windy Peak; Elk River, Idaho; Hemlock Ridge; Stoney Butte; Pete Creek; Potlatch Creek; Elk Creek; Shea Meadows; Homestead Creek; Falls Creek; Moose Meadows; Corral Creek; Teakean Butte; Garden Creek; Gold Butte; Weitas Creek","Potlatch, Idaho",46.92237574,-116.898026,"Day - NW Collection, University of Idaho Library Special Collections and Archives",pot_tpa1957-1958,Text,report,application/pdf,,Timber Protective Association Pamphlets,eng,"In copyright, educational use permitted. Educational use includes non-commercial reproduction of text and images in materials for teaching and research purposes. For other contexts beyond fair use, including digital reproduction, please contact the University of Idaho Library Special Collections and Archives Department at [libspec@uidaho.edu](mailto:libspec@uidaho.edu). The University of Idaho Library is not liable for any violations of the law by users.",http://rightsstatements.org/vocab/InC-EDU/1.0/,pdf,https://objects.lib.uidaho.edu/tpa/pot_tpa1957-1958.pdf,https://objects.lib.uidaho.edu/tpa/small/pot_tpa1957-1958_sm.jpg,https://objects.lib.uidaho.edu/tpa/thumbs/pot_tpa1957-1958_th.jpg
tpa036,pot_tpa1959-1960.pdf,Combined Annual Reports Potlatch Timber Protective Association 1959-1960,Potlatch Timber Protective Association,1960,1959-1960,"The 1959-1960 combined annual reports of the Potlatch Timber Protective Association include financial reports, a report on blister rust control operations, and a combined report from the Fire Warden on the 1959 and 1960 fire seasons. The warden describes 1959 as a short fire season with some severe electrical storms, whereas 1960 was a short fire season that began as potentially dangerous but turned out to be milder after rains and cooler weather started in August. The warden reports on the association's insurance coverage, the use of fire retardants like borate, the use of helicopters, and repairs and improvements. The annual report features tables about climactic conditions and tables related to fire locations and damage during the 1959 and 1960 fire seasons.",annual reports; financial statements; associations; fires (events); fire prevention; firefighting equipment; fire damage; airplanes; thunderstorms; helicopters; borate; fireproofing agent,"Smith Ridge; Elk River, Idaho; Lindy Creek; Elk Creek; Windy Point; Breakfast Creek; Elk Butte; Goat Creek; Kuykendahl Ridge; Trapper Creek; Woesner Ridge; Stoney Creek; Grice Ridge; Isabella Creek; Brosten Ridge; Pinchot Butte; Potlatch Creek; Stocking Meadows; Dicks Creek; Deep Creek; Lepole Canyon; Shattuck Butte; Pinchot Creek; Timber Creek","Potlatch, Idaho",46.92237574,-116.898026,"Day - NW Collection, University of Idaho Library Special Collections and Archives",pot_tpa1959-1960,Text,report,application/pdf,,Timber Protective Association Pamphlets,eng,"In copyright, educational use permitted. Educational use includes non-commercial reproduction of text and images in materials for teaching and research purposes. For other contexts beyond fair use, including digital reproduction, please contact the University of Idaho Library Special Collections and Archives Department at [libspec@uidaho.edu](mailto:libspec@uidaho.edu). The University of Idaho Library is not liable for any violations of the law by users.",http://rightsstatements.org/vocab/InC-EDU/1.0/,pdf,https://objects.lib.uidaho.edu/tpa/pot_tpa1959-1960.pdf,https://objects.lib.uidaho.edu/tpa/small/pot_tpa1959-1960_sm.jpg,https://objects.lib.uidaho.edu/tpa/thumbs/pot_tpa1959-1960_th.jpg
tpa037,pot_tpa1961-1962.pdf,Combined Annual Reports Potlatch Timber Protective Association 1961-1962,Potlatch Timber Protective Association,1962,1961-1962,"The 1961-1962 combined annual reports of the Potlatch Timber Protective Association include financial reports and a combined report from the Fire Warden on the 1961 and 1962 fire seasons. The warden describes 1961 fire season as severe and dangerous with severe thunderstorms, whereas the 1962 fire season was far more normal with rain, cool weather, and less thunderstorms. The warden reports on blister rust control operations, general operations, and improvements, such as improved refrigeration at the association headquarters, road and bridge renovations, and better communications equipment. The annual report features tables about climactic conditions, a comparison table between the 1910 and 1961 fire seasons, and tables related to fire locations and damage during the 1961 and 1962 fire seasons.",annual reports; financial statements; associations; fires (events); fire prevention; firefighting equipment; fire damage; thunderstorms,"Box Canyon; Grice Ridge; Woesner Ridge; Long Lake; Shattuck Butte; Pinchot Creek; Moose Creek; Bovill, Idaho; Boulder Creek; Nat Brown Creek; Rock Creek; Little Creek; Bobs Creek; Beals Mountain; Corral Creek; Tired Wolf Creek; Round Meadow; Sheep Creek; Teakean Butte; Potlatch Canyon; Meadow Creek; Cougar Creek; Chambers Creek; Norwegian Butte; Dicks Creek; Little Moose Meadows; Four Corners, Idaho; Hemlock Creek; Cedar Creek; Boehl's Butte; Homestead Ridge; Emerald Creek; Smith Cliff; Mason Butte; Helmer, Idaho; Weller Creek; Green Mountain; Trapper Creek; Smith Ridge; Stoney Creek; Pinchot Butte; Moose Mountain; Mallory Creek","Potlatch, Idaho",46.92237574,-116.898026,"Day - NW Collection, University of Idaho Library Special Collections and Archives",pot_tpa1961-1962,Text,report,application/pdf,,Timber Protective Association Pamphlets,eng,"In copyright, educational use permitted. Educational use includes non-commercial reproduction of text and images in materials for teaching and research purposes. For other contexts beyond fair use, including digital reproduction, please contact the University of Idaho Library Special Collections and Archives Department at [libspec@uidaho.edu](mailto:libspec@uidaho.edu). The University of Idaho Library is not liable for any violations of the law by users.",http://rightsstatements.org/vocab/InC-EDU/1.0/,pdf,https://objects.lib.uidaho.edu/tpa/pot_tpa1961-1962.pdf,https://objects.lib.uidaho.edu/tpa/small/pot_tpa1961-1962_sm.jpg,https://objects.lib.uidaho.edu/tpa/thumbs/pot_tpa1961-1962_th.jpg
tpa038,pot_tpa1963-1964.pdf,Combined Annual Reports Potlatch Timber Protective Association 1963-1964,Potlatch Timber Protective Association,1964,1963-1964,"The 1963-1964 combined annual reports of the Potlatch Timber Protective Association include financial reports, a report on blister rust control operations, and two separate reports from the Fire Warden on the 1963 and 1964 fire seasons. The 1963 fire season was characterized by severe thunderstorms which caused the majority of the 133 total fires (the largest number of fires since 1929), whereas 1964 was a wet fire season with less storm activity than normal. The warden reports on the Dworshak Dam project, burning permits, general operations and improvements, and how radios have replaced ground line telephones for main communications. The annual report features tables about climactic conditions and tables related to fire locations and damage during the 1963 and 1964 fire seasons.",annual reports; financial statements; associations; fires (events); fire prevention; firefighting equipment; fire damage; thunderstorms; dams (hydraulic structures); telephones,"Kuykendahl Creek; Goat Creek; Fisher Creek; Grice Ridge; Windy Point; Gold Butte; Trapper Peak; Meadow Creek; Feather Creek; Cedar Creek; Windy Peak; Gold Creek; Round Meadow Creek; Mason Butte; Stoney Creek; O'Donnell Creek; Mallory Creek; Isabella Ridge; Breakfast Creek; Elmberry Creek; Bobs Creek; Neva Hill; Helmer, Idaho; Hemlock Creek; Patterson, Idaho; Boathouse Creek; Star Butte; Isabella Creek; Woesner Ridge; Alderman Ridge; Big Island; Roger Creek; Elk Butte; Hansen, Idaho; Weller Creek; Cranberry Creek; Bloom Creek; Ladd's Creek; Tick Ridge; Ikes Creek; Squaw Creek; Jerico Peak; Pivash Creek; Bishop Creek; Moose Meadows; Boulder Peak; Stoney Butte; Morris Creek Ridge; Box Canyon; Squaw Mountain; Ruby Creek; Rodgers Ridge; Smith Ridge; Crescendo Peak","Potlatch, Idaho",46.92237574,-116.898026,"Day - NW Collection, University of Idaho Library Special Collections and Archives",pot_tpa1963-1964,Text,report,application/pdf,,Timber Protective Association Pamphlets,eng,"In copyright, educational use permitted. Educational use includes non-commercial reproduction of text and images in materials for teaching and research purposes. For other contexts beyond fair use, including digital reproduction, please contact the University of Idaho Library Special Collections and Archives Department at [libspec@uidaho.edu](mailto:libspec@uidaho.edu). The University of Idaho Library is not liable for any violations of the law by users.",http://rightsstatements.org/vocab/InC-EDU/1.0/,pdf,https://objects.lib.uidaho.edu/tpa/pot_tpa1963-1964.pdf,https://objects.lib.uidaho.edu/tpa/small/pot_tpa1963-1964_sm.jpg,https://objects.lib.uidaho.edu/tpa/thumbs/pot_tpa1963-1964_th.jpg
tpa039,prl_tpa1922.pdf,Second Annual Report of the Priest Lake Timber Protective Association,Priest Lake Timber Protection Association,1922,1922,"The second annual report of the Priest Lake Timber Protective Association includes the association president's report, a financial report, and a report from the Fire Warden which outlines general operations and describes the 1922 fire season as unusually long and severe. There were 28 fires reported during the season. The annual report also includes a certificate confirming a successful audit, a list of equipment purchased during the season, and a table with descriptions of fires during the fire season.",annual reports; financial statements; associations; fires (events); fire prevention; fire damage; thunderstorms; ,"Fox Creek; Caterpillar Ridge; Denton Creek; Trapper Creek; Indian Creek; Coolin, Idaho; Canoe Point; Hunt Creek; Riley Creek; Happy Meadow","Coolin, Idaho",48.28046395,-116.5537756,"Day - NW Collection, University of Idaho Library Special Collections and Archives",prl_tpa1922,Text,report,application/pdf,,Timber Protective Association Pamphlets,eng,"Material has likely passed into public domain. Digital reproductions are made available by University of Idaho Library for educational purposes, and future use should acknowledge this repository. For more information, please contact University of Idaho Library Special Collections and Archives Department at [libspec@uidaho.edu](mailto:libspec@uidaho.edu). The University of Idaho Library is not liable for any violations of the law by users.",http://rightsstatements.org/vocab/NoC-US/1.0/,pdf,https://objects.lib.uidaho.edu/tpa/prl_tpa1922.pdf,https://objects.lib.uidaho.edu/tpa/small/prl_tpa1922_sm.jpg,https://objects.lib.uidaho.edu/tpa/thumbs/prl_tpa1922_th.jpg
tpa040,prl_tpa1923.pdf,Third Annual Report of the Priest Lake Timber Protective Association,Priest Lake Timber Protection Association,1923,1923,"The third annual report of the Priest Lake Timber Protective Association includes the association president's report, a financial report, and a report from the Fire Warden which describes the 1923 fire season as the most favorable since 1916. In his report, the warden proposes future projects and highlights a fire prevention campaign and ongoing maintenance and improvements efforts. The annual report also includes a certificate confirming a successful audit, a list of non-expendable equipment purchased during the season, and a table with descriptions of fires during the fire season.",annual reports; financial statements; associations; fires (events); fire prevention; fire damage,"Lion Head Creek; Bogle, Idaho; Rocky Ridge; Trapper Creek; Hunt Creek; Green Bonnet Mountain; Priest Lake; Indian Creek; Big Creek Ridge; Caribou Creek","Coolin, Idaho",48.28046395,-116.5537756,"Day - NW Collection, University of Idaho Library Special Collections and Archives",prl_tpa1923,Text,report,application/pdf,,Timber Protective Association Pamphlets,eng,"Material has likely passed into public domain. Digital reproductions are made available by University of Idaho Library for educational purposes, and future use should acknowledge this repository. For more information, please contact University of Idaho Library Special Collections and Archives Department at [libspec@uidaho.edu](mailto:libspec@uidaho.edu). The University of Idaho Library is not liable for any violations of the law by users.",http://rightsstatements.org/vocab/NoC-US/1.0/,pdf,https://objects.lib.uidaho.edu/tpa/prl_tpa1923.pdf,https://objects.lib.uidaho.edu/tpa/small/prl_tpa1923_sm.jpg,https://objects.lib.uidaho.edu/tpa/thumbs/prl_tpa1923_th.jpg
tpa041,prl_tpa1927-1928.pdf,Biennial Report of the Priest Lake Timber Protective Association 1927-1928,Priest Lake Timber Protection Association,1928,1927-1928,"The 1927-1928 biennial report of the Priest Lake Timber Protective Association includes financial reports and two separate reports from the Fire Warden on the 1927 and 1928 fire seasons. The warden describes the 1927 and 1928 fire seasons as favorable with only 10 fires per season. In his report, the warden proposes new projects and reports on maintenance and improvements of trails and telephone lines, as well as a motion picture campaign as part of the association's publicity efforts. The biennial report also includes two certificates confirming successful audits for 1927 and 1928 and tables with descriptions of fires during the two fire seasons.",annual reports; financial statements; associations; fires (events); telephones; fire prevention; fire damage; trails (recreation areas),Green Bonnet Mountain; Duck Creek; Caribou Creek; Soldier Creek; Hunt Creek; Blue Lake; Uleda Creek,"Coolin, Idaho",48.28046395,-116.5537756,"Day - NW Collection, University of Idaho Library Special Collections and Archives",prl_tpa1927-1928,Text,report,application/pdf,,Timber Protective Association Pamphlets,eng,"In copyright, educational use permitted. Educational use includes non-commercial reproduction of text and images in materials for teaching and research purposes. For other contexts beyond fair use, including digital reproduction, please contact the University of Idaho Library Special Collections and Archives Department at [libspec@uidaho.edu](mailto:libspec@uidaho.edu). The University of Idaho Library is not liable for any violations of the law by users.",http://rightsstatements.org/vocab/InC-EDU/1.0/,pdf,https://objects.lib.uidaho.edu/tpa/prl_tpa1927-1928.pdf,https://objects.lib.uidaho.edu/tpa/small/prl_tpa1927-1928_sm.jpg,https://objects.lib.uidaho.edu/tpa/thumbs/prl_tpa1927-1928_th.jpg
tpa042,prl_tpa1929-1930.pdf,Biennial Report of the Priest Lake Timber Protective Association 1929-1930,Priest Lake Timber Protection Association,1930,1929-1930,"The 1929-1930 biennial report of the Priest Lake Timber Protective Association includes financial reports and two separate reports from the Fire Warden on the 1929 and 1930 fire seasons. The warden describes the 1929 as extremely dry and ""severe from all angles""  and the 1930 fire seasons as less severe in terms of damage and number of fires, but still concerning because of numerous lightning storms and difficult fire suppression due to rough topography. In his report, the warden proposes new projects and reports on maintance and improvements of trails, lookouts, and telephone lines. The biennial report also includes two certificates confirming successful audits for 1929 and 1930 and tables with descriptions of fires during the two fire seasons.",annual reports; financial statements; associations; fires (events); fire prevention; telephones; thunderstorms; trails (recreation areas),"Cedar Creek; Priest River; Rocky Cliff; Trapper Creek; Caribou Creek; Bugle Creek; Lion Creek; Coolin, Idaho; Quartz Creek; Pine Creek; Lookout Mountain; Bear Creek; Big Creek; Blue Lake; Chase Lake","Coolin, Idaho",48.28046395,-116.5537756,"Day - NW Collection, University of Idaho Library Special Collections and Archives",prl_tpa1929-1930,Text,report,application/pdf,,Timber Protective Association Pamphlets,eng,"In copyright, educational use permitted. Educational use includes non-commercial reproduction of text and images in materials for teaching and research purposes. For other contexts beyond fair use, including digital reproduction, please contact the University of Idaho Library Special Collections and Archives Department at [libspec@uidaho.edu](mailto:libspec@uidaho.edu). The University of Idaho Library is not liable for any violations of the law by users.",http://rightsstatements.org/vocab/InC-EDU/1.0/,pdf,https://objects.lib.uidaho.edu/tpa/prl_tpa1929-1930.pdf,https://objects.lib.uidaho.edu/tpa/small/prl_tpa1929-1930_sm.jpg,https://objects.lib.uidaho.edu/tpa/thumbs/prl_tpa1929-1930_th.jpg