objectid,title,creator,date,description,subject,image_alt_text,source,identifier,,type,format_original,format,finding_aid,digital_collection,language,rights,rightsstatement,display_template,filename,object_location,image_small,image_thumb
wells001,Neural structure notes (green Stuart Hall notebook),"Wells, Richard B.",,The first fifteen pages of a spiral notebook. The pages contain notes from various texts about neural structures and brain functions.,psychology; anatomy; biology,Lined notebook paper with handwritten notes in black ink about neural structures and brain functions.,"Richard B. Wells Papers, MG 670, University of Idaho Library Special Collections and Archives, https://www.lib.uidaho.edu/special-collections/",mg670_b1-001p001-015,,Text,notebook,application/pdf,https://archiveswest.orbiscascade.org/ark:80444/xv557263,Dr. Richard B. Wells Papers,eng,"In copyright, educational use permitted. Educational use includes non-commercial reproduction of text and images in materials for teaching and research purposes. For other contexts beyond fair use, including digital reproduction, please contact the University of Idaho Library Special Collections and Archives Department at libspec@uidaho.edu. The University of Idaho Library is not liable for any violations of the law by users.",http://rightsstatements.org/vocab/InC-EDU/1.0/,pdf,mg670_b1-001p001-015.pdf,https://objects.lib.uidaho.edu/wells/mg670_b1-001p001-015.pdf,https://objects.lib.uidaho.edu/wells/small/mg670_b1-001p001-015_sm.jpg,https://objects.lib.uidaho.edu/wells/thumbs/mg670_b1-001p001-015_th.jpg
wells002,Epistemology of Kant notes,"Wells, Richard B.",,"The first ten pages of a spiral notebook, labeled ""The Epistemology of Kant's Philosophy: System Theory of Psycho-practical reason."" The pages contain notes and drafts about Immanuel Kant, judgment, logic, cognition, and philosophy, with some reflection and commentary by Wells.",philosophy; logic; metaphysics,Lined notebook paper with handwritten notes in black ink about the epistemology of Emmanuel Kant.,"Richard B. Wells Papers, MG 670, University of Idaho Library Special Collections and Archives, https://www.lib.uidaho.edu/special-collections/",mg670_b1-006p001-010,,Text,notebook,application/pdf,https://archiveswest.orbiscascade.org/ark:80444/xv557263,Dr. Richard B. Wells Papers,eng,"In copyright, educational use permitted. Educational use includes non-commercial reproduction of text and images in materials for teaching and research purposes. For other contexts beyond fair use, including digital reproduction, please contact the University of Idaho Library Special Collections and Archives Department at libspec@uidaho.edu. The University of Idaho Library is not liable for any violations of the law by users.",http://rightsstatements.org/vocab/InC-EDU/1.0/,pdf,mg670_b1-006p001-010.pdf,https://objects.lib.uidaho.edu/wells/mg670_b1-006p001-010.pdf,https://objects.lib.uidaho.edu/wells/small/mg670_b1-006p001-010_sm.jpg,https://objects.lib.uidaho.edu/wells/thumbs/mg670_b1-006p001-010_th.jpg
wells003,Kant's Metaphysical Foundations notes,"Wells, Richard B.",,"Thirteen pages (pages 27-39) of a spiral notebook, labeled ""Kant's Metaphysical Foundations of Natural Science."" The pages contain notes on Immanuel Kant's theories of motion, kinesis, space, and metaphysics, with some commentary and reflection by Wells.",philosophy; logic; motion; cognition,Lined notebook paper with handwritten notes in purple and black ink about Emmanuel Kant's metaphysics.,"Richard B. Wells Papers, MG 670, University of Idaho Library Special Collections and Archives, https://www.lib.uidaho.edu/special-collections/",mg670_b1-007p001-013,,Text,notebook,application/pdf,https://archiveswest.orbiscascade.org/ark:80444/xv557263,Dr. Richard B. Wells Papers,eng,"In copyright, educational use permitted. Educational use includes non-commercial reproduction of text and images in materials for teaching and research purposes. For other contexts beyond fair use, including digital reproduction, please contact the University of Idaho Library Special Collections and Archives Department at libspec@uidaho.edu. The University of Idaho Library is not liable for any violations of the law by users.",http://rightsstatements.org/vocab/InC-EDU/1.0/,pdf,mg670_b1-007p001-013.pdf,https://objects.lib.uidaho.edu/wells/mg670_b1-007p001-013.pdf,https://objects.lib.uidaho.edu/wells/small/mg670_b1-007p001-013_sm.jpg,https://objects.lib.uidaho.edu/wells/thumbs/mg670_b1-007p001-013_th.jpg
wells004,General Logic notes,"Wells, Richard B.",,"Ten pages (pages 65-75) of a yellow 8x5 inch spiral notebook, labeled ""General Logic & Intuition."" The pages cover Kant's theories of logic and perception, and Well's logical proofs and notes.",philosophy; perception; logic,Lined notebook paper with handwritten notes in blue and black about Emmanuel Kant's theories.,"Richard B. Wells Papers, MG 670, University of Idaho Library Special Collections and Archives, https://www.lib.uidaho.edu/special-collections/",mg670_b1-008p001-011,,Text,notebook,application/pdf,https://archiveswest.orbiscascade.org/ark:80444/xv557263,Dr. Richard B. Wells Papers,eng,"In copyright, educational use permitted. Educational use includes non-commercial reproduction of text and images in materials for teaching and research purposes. For other contexts beyond fair use, including digital reproduction, please contact the University of Idaho Library Special Collections and Archives Department at libspec@uidaho.edu. The University of Idaho Library is not liable for any violations of the law by users.",http://rightsstatements.org/vocab/InC-EDU/1.0/,pdf,mg670_b1-008p001-011.pdf,https://objects.lib.uidaho.edu/wells/mg670_b1-008p001-011.pdf,https://objects.lib.uidaho.edu/wells/small/mg670_b1-008p001-011_sm.jpg,https://objects.lib.uidaho.edu/wells/thumbs/mg670_b1-008p001-011_th.jpg
wells005,Notes on Kant's work on judgment and perception (composition notebook),"Wells, Richard B.",1997-10-17,"Eleven pages (pages 44-54) of a 10 by 7 and 7/8 inch composition notebook. The pages contain notes on Immanuel Kant's work on judgment and perception, as well as Wells' comments on the same.",philosophy; perception,Graph notebook paper with handwritten notes in blue ink about Emmanuel Kant's work on judgment and perception.,"Richard B. Wells Papers, MG 670, University of Idaho Library Special Collections and Archives, https://www.lib.uidaho.edu/special-collections/",mg670_b1-009p001-011,,Text,notebook,application/pdf,https://archiveswest.orbiscascade.org/ark:80444/xv557263,Dr. Richard B. Wells Papers,eng,"In copyright, educational use permitted. Educational use includes non-commercial reproduction of text and images in materials for teaching and research purposes. For other contexts beyond fair use, including digital reproduction, please contact the University of Idaho Library Special Collections and Archives Department at libspec@uidaho.edu. The University of Idaho Library is not liable for any violations of the law by users.",http://rightsstatements.org/vocab/InC-EDU/1.0/,pdf,mg670_b1-009p001-011.pdf,https://objects.lib.uidaho.edu/wells/mg670_b1-009p001-011.pdf,https://objects.lib.uidaho.edu/wells/small/mg670_b1-009p001-011_sm.jpg,https://objects.lib.uidaho.edu/wells/thumbs/mg670_b1-009p001-011_th.jpg
wells006,First analysis of interests notes (gray Embassy notebook),"Wells, Richard B.",,"Ten pages (pages 48 - 60) of a gray Embassy brand 6x9 inch spiral notebook. The pages contain Wells' notes and diagrams on the topic of ""first analysis of interests (conjunctio I)."" This includes logical proofs and commentary on his processes.",philosophy; logic,Lined notebook paper with handwritten notes in black ink about logical proofs and commentary.,"Richard B. Wells Papers, MG 670, University of Idaho Library Special Collections and Archives, https://www.lib.uidaho.edu/special-collections/",mg670_b1-010p001-013,,Text,notebook,application/pdf,https://archiveswest.orbiscascade.org/ark:80444/xv557263,Dr. Richard B. Wells Papers,eng,"In copyright, educational use permitted. Educational use includes non-commercial reproduction of text and images in materials for teaching and research purposes. For other contexts beyond fair use, including digital reproduction, please contact the University of Idaho Library Special Collections and Archives Department at libspec@uidaho.edu. The University of Idaho Library is not liable for any violations of the law by users.",http://rightsstatements.org/vocab/InC-EDU/1.0/,pdf,mg670_b1-010p001-013.pdf,https://objects.lib.uidaho.edu/wells/mg670_b1-010p001-013.pdf,https://objects.lib.uidaho.edu/wells/small/mg670_b1-010p001-013_sm.jpg,https://objects.lib.uidaho.edu/wells/thumbs/mg670_b1-010p001-013_th.jpg
wells007,Damasio notes (unmarked notebook),"Wells, Richard B.",,"The first eighteen pages of a yellow 8 and 1/2 by 7 inch spiral notebook without a label. The pages contain notes on ""The Feeling of What Happens"" by Antonio R. Damasio, as well as diagrams and calculations about neuroscience and electrical engineering.",psychology; perception; electrical engineering; calculations,Lined notebook paper with handwritten notes in black and green ink about neuroscience and electrical engineering.,"Richard B. Wells Papers, MG 670, University of Idaho Library Special Collections and Archives, https://www.lib.uidaho.edu/special-collections/",mg670_b1-013p001-018,,Text,notebook,application/pdf,https://archiveswest.orbiscascade.org/ark:80444/xv557263,Dr. Richard B. Wells Papers,eng,"In copyright, educational use permitted. Educational use includes non-commercial reproduction of text and images in materials for teaching and research purposes. For other contexts beyond fair use, including digital reproduction, please contact the University of Idaho Library Special Collections and Archives Department at libspec@uidaho.edu. The University of Idaho Library is not liable for any violations of the law by users.",http://rightsstatements.org/vocab/InC-EDU/1.0/,pdf,mg670_b1-013p001-018.pdf,https://objects.lib.uidaho.edu/wells/mg670_b1-013p001-018.pdf,https://objects.lib.uidaho.edu/wells/small/mg670_b1-013p001-018_sm.jpg,https://objects.lib.uidaho.edu/wells/thumbs/mg670_b1-013p001-018_th.jpg
wells008,Piaget notes,"Wells, Richard B.",,"Fifteen pages (pages 101 - 115) of a yellow 8 and 1/4 by 6 and 7/8 inch spiral notebook, labeled ""Piaget Notes."" The pages contain notes on Wells' reasoning processes and notes on his own work, as well as notes from Jean Piaget's theories of intelligence and judgment.",philosophy; metaphysics,Lined notebook paper with handwritten notes in various colored ink about reason and intelligence.,"Richard B. Wells Papers, MG 670, University of Idaho Library Special Collections and Archives, https://www.lib.uidaho.edu/special-collections/",mg670_b1-015p001-015,,Text,notebook,application/pdf,https://archiveswest.orbiscascade.org/ark:80444/xv557263,Dr. Richard B. Wells Papers,eng,"In copyright, educational use permitted. Educational use includes non-commercial reproduction of text and images in materials for teaching and research purposes. For other contexts beyond fair use, including digital reproduction, please contact the University of Idaho Library Special Collections and Archives Department at libspec@uidaho.edu. The University of Idaho Library is not liable for any violations of the law by users.",http://rightsstatements.org/vocab/InC-EDU/1.0/,pdf,mg670_b1-015p001-015.pdf,https://objects.lib.uidaho.edu/wells/mg670_b1-015p001-015.pdf,https://objects.lib.uidaho.edu/wells/small/mg670_b1-015p001-015_sm.jpg,https://objects.lib.uidaho.edu/wells/thumbs/mg670_b1-015p001-015_th.jpg
wells009,Misc. physiology notes (red notebook),"Wells, Richard B.",2018,"Eleven pages (pages 27 - 37) from a red 9.5 by 6 inch spiral notebook, labeled ""Misc Notes."" The pages contain notes from ""Physiology of Synaptic Transmission and Short Term Plasticity"" by W.G. Regehr & C.F. Stevens, as well as Wells' commentary on the same.",psychology; physiology; cognition,Lined notebook paper with handwritten notes in blue ink about physiology.,"Richard B. Wells Papers, MG 670, University of Idaho Library Special Collections and Archives, https://www.lib.uidaho.edu/special-collections/",mg670_b1-016p001-011,,Text,notebook,application/pdf,https://archiveswest.orbiscascade.org/ark:80444/xv557263,Dr. Richard B. Wells Papers,eng,"In copyright, educational use permitted. Educational use includes non-commercial reproduction of text and images in materials for teaching and research purposes. For other contexts beyond fair use, including digital reproduction, please contact the University of Idaho Library Special Collections and Archives Department at libspec@uidaho.edu. The University of Idaho Library is not liable for any violations of the law by users.",http://rightsstatements.org/vocab/InC-EDU/1.0/,pdf,mg670_b1-016p001-011.pdf,https://objects.lib.uidaho.edu/wells/mg670_b1-016p001-011.pdf,https://objects.lib.uidaho.edu/wells/small/mg670_b1-016p001-011_sm.jpg,https://objects.lib.uidaho.edu/wells/thumbs/mg670_b1-016p001-011_th.jpg
wells010,Philosophy notes (red notebook),"Wells, Richard B.",,"Nine pages (pages 63 - 71) of a red 9.5 by 6 inch spiral notebook without a label on the cover. The pages contain notes from various texts about education and the history of education, as well as Wells' comments on the same.",education; history,Lined notebook paper with handwritten notes in black ink about philosophy.,"Richard B. Wells Papers, MG 670, University of Idaho Library Special Collections and Archives, https://www.lib.uidaho.edu/special-collections/",mg670_b1-018p001-009,,Text,notebook,application/pdf,https://archiveswest.orbiscascade.org/ark:80444/xv557263,Dr. Richard B. Wells Papers,eng,"In copyright, educational use permitted. Educational use includes non-commercial reproduction of text and images in materials for teaching and research purposes. For other contexts beyond fair use, including digital reproduction, please contact the University of Idaho Library Special Collections and Archives Department at libspec@uidaho.edu. The University of Idaho Library is not liable for any violations of the law by users.",http://rightsstatements.org/vocab/InC-EDU/1.0/,pdf,mg670_b1-018p001-009.pdf,https://objects.lib.uidaho.edu/wells/mg670_b1-018p001-009.pdf,https://objects.lib.uidaho.edu/wells/small/mg670_b1-018p001-009_sm.jpg,https://objects.lib.uidaho.edu/wells/thumbs/mg670_b1-018p001-009_th.jpg
wells011,Philosophy and reasoning notes (Vol I),"Wells, Richard B.",,"The inside cover and first seven pages of a yellow 8x5 inch spiral notebook, labeled ""Mental Physics and Critical Idealism - Vol. I Cognitive Reasoning Structure Analysis Notes."" The inside cover contains Wells' explanation of the notebook's purpose, and the following pages contain notes and definitions about philosophy, perception, Immanuel Kant, and Pure Reason.",philosophy; cognition; perception,Orange paper with handwritten notes in black ink about philosophy and reasoning.,"Richard B. Wells Papers, MG 670, University of Idaho Library Special Collections and Archives, https://www.lib.uidaho.edu/special-collections/",mg670_b1-019p001-008,,Text,notebook,application/pdf,https://archiveswest.orbiscascade.org/ark:80444/xv557263,Dr. Richard B. Wells Papers,eng,"In copyright, educational use permitted. Educational use includes non-commercial reproduction of text and images in materials for teaching and research purposes. For other contexts beyond fair use, including digital reproduction, please contact the University of Idaho Library Special Collections and Archives Department at libspec@uidaho.edu. The University of Idaho Library is not liable for any violations of the law by users.",http://rightsstatements.org/vocab/InC-EDU/1.0/,pdf,mg670_b1-019p001-008.pdf,https://objects.lib.uidaho.edu/wells/mg670_b1-019p001-008.pdf,https://objects.lib.uidaho.edu/wells/small/mg670_b1-019p001-008_sm.jpg,https://objects.lib.uidaho.edu/wells/thumbs/mg670_b1-019p001-008_th.jpg
wells012,Judgment and cognition notes (Vol II),"Wells, Richard B.",,"Ten pages (pages 107 - 116) of a yellow 8 and 1/4 by 6 and 7/8 inch spiral notebook, labeled "" Mental Physics and Critical Idealism - vol. II."" The pages contain Wells' notes and comments on judgment, perception, and cognition, with reference to Kant.",philosophy; metaphysics; cognition; perception,Lined notebook paper with handwritten notes in blue ink about judgment and cognition.,"Richard B. Wells Papers, MG 670, University of Idaho Library Special Collections and Archives, https://www.lib.uidaho.edu/special-collections/",mg670_b1-020p001-010,,Text,notebook,application/pdf,https://archiveswest.orbiscascade.org/ark:80444/xv557263,Dr. Richard B. Wells Papers,eng,"In copyright, educational use permitted. Educational use includes non-commercial reproduction of text and images in materials for teaching and research purposes. For other contexts beyond fair use, including digital reproduction, please contact the University of Idaho Library Special Collections and Archives Department at libspec@uidaho.edu. The University of Idaho Library is not liable for any violations of the law by users.",http://rightsstatements.org/vocab/InC-EDU/1.0/,pdf,mg670_b1-020p001-010.pdf,https://objects.lib.uidaho.edu/wells/mg670_b1-020p001-010.pdf,https://objects.lib.uidaho.edu/wells/small/mg670_b1-020p001-010_sm.jpg,https://objects.lib.uidaho.edu/wells/thumbs/mg670_b1-020p001-010_th.jpg
wells013,Philosophy and reasoning notes (Vol IV),"Wells, Richard B.",,"Six pages (pages 99 - 104) of yellow 8 and 1/4 by 6 and 7/8 inch spiral notebook, labeled "" Mental Physics: vol. IV"" and ""Practical Reason and Judgement Notes Kant's Critique of Judgement, Critique of Practical Reason, Resume of Critique of Judgment."" The pages contain Wells' notes and commentary about philosophy, reasoning, and cognition.",philosophy; cognition,Lined notebook paper with handwritten notes in various colored ink about philosophy and reasoning. ,"Richard B. Wells Papers, MG 670, University of Idaho Library Special Collections and Archives, https://www.lib.uidaho.edu/special-collections/",mg670_b1-022p001-006,,Text,notebook,application/pdf,https://archiveswest.orbiscascade.org/ark:80444/xv557263,Dr. Richard B. Wells Papers,eng,"In copyright, educational use permitted. Educational use includes non-commercial reproduction of text and images in materials for teaching and research purposes. For other contexts beyond fair use, including digital reproduction, please contact the University of Idaho Library Special Collections and Archives Department at libspec@uidaho.edu. The University of Idaho Library is not liable for any violations of the law by users.",http://rightsstatements.org/vocab/InC-EDU/1.0/,pdf,mg670_b1-022p001-006.pdf,https://objects.lib.uidaho.edu/wells/mg670_b1-022p001-006.pdf,https://objects.lib.uidaho.edu/wells/small/mg670_b1-022p001-006_sm.jpg,https://objects.lib.uidaho.edu/wells/thumbs/mg670_b1-022p001-006_th.jpg
wells014,Philosophy and reason notes (Vol V),"Wells, Richard B.",,"Eight pages (pages 23 - 30) of a blue 7 and 3/4 by 5 inch spiral notebook, labeled ""Mental Physics: vol. V: reflective judgment & practical reason."" The pages contain Wells' work on ""Conjunctio D,"" and notes on Practical Reason, and various ideas about perception, cognition, and philosophy.",philosophy; cognition; perception,Lined notebook paper with handwritten notes in black and purple ink about philosophy and reason.,"Richard B. Wells Papers, MG 670, University of Idaho Library Special Collections and Archives, https://www.lib.uidaho.edu/special-collections/",mg670_b1-023p001-008,,Text,notebook,application/pdf,https://archiveswest.orbiscascade.org/ark:80444/xv557263,Dr. Richard B. Wells Papers,eng,"In copyright, educational use permitted. Educational use includes non-commercial reproduction of text and images in materials for teaching and research purposes. For other contexts beyond fair use, including digital reproduction, please contact the University of Idaho Library Special Collections and Archives Department at libspec@uidaho.edu. The University of Idaho Library is not liable for any violations of the law by users.",http://rightsstatements.org/vocab/InC-EDU/1.0/,pdf,mg670_b1-023p001-008.pdf,https://objects.lib.uidaho.edu/wells/mg670_b1-023p001-008.pdf,https://objects.lib.uidaho.edu/wells/small/mg670_b1-023p001-008_sm.jpg,https://objects.lib.uidaho.edu/wells/thumbs/mg670_b1-023p001-008_th.jpg
wells015,Mental physics notes (Vol VI purple notebook),"Wells, Richard B.",1999-05-05,"The first ten pages of a purple 7 and 3/4 by 5 inch spiral notebook, labeled ""Mental Physics Vol. VI."" The pages contain Wells' notes and thoughts on ""teleological judgment"" and related metaphysical concepts.",philosophy; metaphysics,Lined notebook paper with handwritten notes in black ink about mental physics.,"Richard B. Wells Papers, MG 670, University of Idaho Library Special Collections and Archives, https://www.lib.uidaho.edu/special-collections/",mg670_b1-024p001-010,,Text,notebook,application/pdf,https://archiveswest.orbiscascade.org/ark:80444/xv557263,Dr. Richard B. Wells Papers,eng,"In copyright, educational use permitted. Educational use includes non-commercial reproduction of text and images in materials for teaching and research purposes. For other contexts beyond fair use, including digital reproduction, please contact the University of Idaho Library Special Collections and Archives Department at libspec@uidaho.edu. The University of Idaho Library is not liable for any violations of the law by users.",http://rightsstatements.org/vocab/InC-EDU/1.0/,pdf,mg670_b1-024p001-010.pdf,https://objects.lib.uidaho.edu/wells/mg670_b1-024p001-010.pdf,https://objects.lib.uidaho.edu/wells/small/mg670_b1-024p001-010_sm.jpg,https://objects.lib.uidaho.edu/wells/thumbs/mg670_b1-024p001-010_th.jpg
wells016,Mental physics notes (Vol VI yellow notebook),"Wells, Richard B.",2000,"The first ten pages of yellow 8 and 1/2 by 7 inch spiral notebook labeled ""Mental Physics vol. VI."" The pages contain notes on ""The Sensorimotor Idea,"" with Wells' commentary on the same.",philosophy; cognition; perception; senses,Lined notebook with handwritten notes in purple ink about mental physics.,"Richard B. Wells Papers, MG 670, University of Idaho Library Special Collections and Archives, https://www.lib.uidaho.edu/special-collections/",mg670_b1-025p001-010,,Text,notebook,application/pdf,https://archiveswest.orbiscascade.org/ark:80444/xv557263,Dr. Richard B. Wells Papers,eng,"In copyright, educational use permitted. Educational use includes non-commercial reproduction of text and images in materials for teaching and research purposes. For other contexts beyond fair use, including digital reproduction, please contact the University of Idaho Library Special Collections and Archives Department at libspec@uidaho.edu. The University of Idaho Library is not liable for any violations of the law by users.",http://rightsstatements.org/vocab/InC-EDU/1.0/,pdf,mg670_b1-025p001-010.pdf,https://objects.lib.uidaho.edu/wells/mg670_b1-025p001-010.pdf,https://objects.lib.uidaho.edu/wells/small/mg670_b1-025p001-010_sm.jpg,https://objects.lib.uidaho.edu/wells/thumbs/mg670_b1-025p001-010_th.jpg
wells017,Mental physics notes (Vol I: Avalanche Networks),"Wells, Richard B.",,"Fourteen pages (pages 12 - 25) of a yellow 8 and 1/2 by 7 inch spiral notebook labeled ""The Mental Physics of Neural Network Theory. vol. I: Avalanche Networks, Richard B. Wells."" The pages contain Wells' notes on computer/machine modeling of reasoning processes and mental physics.",cognition; computer science,Lined notebook paper with handwritten notes in black ink about mental physics.,"Richard B. Wells Papers, MG 670, University of Idaho Library Special Collections and Archives, https://www.lib.uidaho.edu/special-collections/",mg670_b1-032p001-014,,Text,notebook,application/pdf,https://archiveswest.orbiscascade.org/ark:80444/xv557263,Dr. Richard B. Wells Papers,eng,"In copyright, educational use permitted. Educational use includes non-commercial reproduction of text and images in materials for teaching and research purposes. For other contexts beyond fair use, including digital reproduction, please contact the University of Idaho Library Special Collections and Archives Department at libspec@uidaho.edu. The University of Idaho Library is not liable for any violations of the law by users.",http://rightsstatements.org/vocab/InC-EDU/1.0/,pdf,mg670_b1-032p001-014.pdf,https://objects.lib.uidaho.edu/wells/mg670_b1-032p001-014.pdf,https://objects.lib.uidaho.edu/wells/small/mg670_b1-032p001-014_sm.jpg,https://objects.lib.uidaho.edu/wells/thumbs/mg670_b1-032p001-014_th.jpg
wells018,Philosophy and reason notes (2012 Vol I),"Wells, Richard B.",2012,"The first ten pages of red 5 and 1/2 by 4 inch spiral notebook, labeled ""2012 Writing Notes Vol. I R.B. Wells."" These pages contain notes, questions, and citations that accompany Wells' writing work.",drafts (documents); philosophy; politics; history,Lined notebook paper with handwritten notes in blue ink about philosophy and reason.,"Richard B. Wells Papers, MG 670, University of Idaho Library Special Collections and Archives, https://www.lib.uidaho.edu/special-collections/",mg670_b1-033p001-010,,Text,notebook,application/pdf,https://archiveswest.orbiscascade.org/ark:80444/xv557263,Dr. Richard B. Wells Papers,eng,"In copyright, educational use permitted. Educational use includes non-commercial reproduction of text and images in materials for teaching and research purposes. For other contexts beyond fair use, including digital reproduction, please contact the University of Idaho Library Special Collections and Archives Department at libspec@uidaho.edu. The University of Idaho Library is not liable for any violations of the law by users.",http://rightsstatements.org/vocab/InC-EDU/1.0/,pdf,mg670_b1-033p001-010.pdf,https://objects.lib.uidaho.edu/wells/mg670_b1-033p001-010.pdf,https://objects.lib.uidaho.edu/wells/small/mg670_b1-033p001-010_sm.jpg,https://objects.lib.uidaho.edu/wells/thumbs/mg670_b1-033p001-010_th.jpg
wells019,Definitions index cards (black box),"Wells, Richard B.",,"The first ten cards from a black plastic box of index cards. The cards contain definitions of various terms related to education, philosophy, and society.",index cards; education; philosophy; politics,Lined index card with handwritten word definitions in blue ink.,"Richard B. Wells Papers, MG 670, University of Idaho Library Special Collections and Archives, https://www.lib.uidaho.edu/special-collections/",mg670_b2-042p001-010,,Text,index cards,application/pdf,https://archiveswest.orbiscascade.org/ark:80444/xv557263,Dr. Richard B. Wells Papers,eng,"In copyright, educational use permitted. Educational use includes non-commercial reproduction of text and images in materials for teaching and research purposes. For other contexts beyond fair use, including digital reproduction, please contact the University of Idaho Library Special Collections and Archives Department at libspec@uidaho.edu. The University of Idaho Library is not liable for any violations of the law by users.",http://rightsstatements.org/vocab/InC-EDU/1.0/,pdf,mg670_b2_042p001-010.pdf,https://objects.lib.uidaho.edu/wells/mg670_b2_042p001-010.pdf,https://objects.lib.uidaho.edu/wells/small/mg670_b2_042p001-010_sm.jpg,https://objects.lib.uidaho.edu/wells/thumbs/mg670_b2_042p001-010_th.jpg
wells020,Sensorimotor notes,"Wells, Richard B.",,"The first item from Folder 48. This item is a three-page handwritten document on ""the Data of the Senses."" This document contains Wells' commentary and notes on perception and the senses.",perception; senses; philosophy,Lined notebook paper with handwritten notes in black ink about sensorimotor ideas.,"Richard B. Wells Papers, MG 670, University of Idaho Library Special Collections and Archives, https://www.lib.uidaho.edu/special-collections/",mg670_b2_f48-001p001-003,,Text,looseleaf notes,application/pdf,https://archiveswest.orbiscascade.org/ark:80444/xv557263,Dr. Richard B. Wells Papers,eng,"In copyright, educational use permitted. Educational use includes non-commercial reproduction of text and images in materials for teaching and research purposes. For other contexts beyond fair use, including digital reproduction, please contact the University of Idaho Library Special Collections and Archives Department at libspec@uidaho.edu. The University of Idaho Library is not liable for any violations of the law by users.",http://rightsstatements.org/vocab/InC-EDU/1.0/,pdf,mg670_b2_f48-001p001-003.pdf,https://objects.lib.uidaho.edu/wells/mg670_b2_f48-001p001-003.pdf,https://objects.lib.uidaho.edu/wells/small/mg670_b2_f48-001p001-003_sm.jpg,https://objects.lib.uidaho.edu/wells/thumbs/mg670_b2_f48-001p001-003_th.jpg
wells021,Handwritten draft chapters,"Wells, Richard B.",,"The second item from Folder 49. This item is a five-page series of handwritten notes on Immanuel Kant, titled ""Axioms of Intuition,"" and including Wells' logical proofs and commentary.",logic; philosophy; metaphysics,Paper with handwritten notes in various colored ink about philosophy.,"Richard B. Wells Papers, MG 670, University of Idaho Library Special Collections and Archives, https://www.lib.uidaho.edu/special-collections/",mg670_b2_f49-002p001-005,,Text,looseleaf notes,application/pdf,https://archiveswest.orbiscascade.org/ark:80444/xv557263,Dr. Richard B. Wells Papers,eng,"In copyright, educational use permitted. Educational use includes non-commercial reproduction of text and images in materials for teaching and research purposes. For other contexts beyond fair use, including digital reproduction, please contact the University of Idaho Library Special Collections and Archives Department at libspec@uidaho.edu. The University of Idaho Library is not liable for any violations of the law by users.",http://rightsstatements.org/vocab/InC-EDU/1.0/,pdf,mg670_b2_f49-002p001-005.pdf,https://objects.lib.uidaho.edu/wells/mg670_b2_f49-002p001-005.pdf,https://objects.lib.uidaho.edu/wells/small/mg670_b2_f49-002p001-005_sm.jpg,https://objects.lib.uidaho.edu/wells/thumbs/mg670_b2_f49-002p001-005_th.jpg
wells022,Writing Notes & Synthesis I,"Wells, Richard B.",,"Item one from Folder 54. This item is a one-page handwritten document with notes on morals, motives, and Pure Reason (with reference to the work of Immanuel Kant).",philosophy; metaphysics,Paper with handwritten notes and diagrams in various colored ink about rational knowledge.,"Richard B. Wells Papers, MG 670, University of Idaho Library Special Collections and Archives, https://www.lib.uidaho.edu/special-collections/",mg670_b2_f54-001p001,,Text,looseleaf notes,application/pdf,https://archiveswest.orbiscascade.org/ark:80444/xv557263,Dr. Richard B. Wells Papers,eng,"In copyright, educational use permitted. Educational use includes non-commercial reproduction of text and images in materials for teaching and research purposes. For other contexts beyond fair use, including digital reproduction, please contact the University of Idaho Library Special Collections and Archives Department at libspec@uidaho.edu. The University of Idaho Library is not liable for any violations of the law by users.",http://rightsstatements.org/vocab/InC-EDU/1.0/,pdf,mg670_b2_f54-001p001.pdf,https://objects.lib.uidaho.edu/wells/mg670_b2_f54-001p001.pdf,https://objects.lib.uidaho.edu/wells/small/mg670_b2_f54-001p001_sm.jpg,https://objects.lib.uidaho.edu/wells/thumbs/mg670_b2_f54-001p001_th.jpg
wells023,Writing Notes & Synthesis II,"Wells, Richard B.",,"Item two from Folder 54. This item is a one-page handwritten document on ""What is Proper Science?"" with notes, definitions, and commentary.",philosophy; metaphysics,Paper with handwritten notes in black ink about science and philosophy.,"Richard B. Wells Papers, MG 670, University of Idaho Library Special Collections and Archives, https://www.lib.uidaho.edu/special-collections/",mg670_b2_f54-002p001,,Text,looseleaf notes,application/pdf,https://archiveswest.orbiscascade.org/ark:80444/xv557263,Dr. Richard B. Wells Papers,eng,"In copyright, educational use permitted. Educational use includes non-commercial reproduction of text and images in materials for teaching and research purposes. For other contexts beyond fair use, including digital reproduction, please contact the University of Idaho Library Special Collections and Archives Department at libspec@uidaho.edu. The University of Idaho Library is not liable for any violations of the law by users.",http://rightsstatements.org/vocab/InC-EDU/1.0/,pdf,mg670_b2_f54-002p001.pdf,https://objects.lib.uidaho.edu/wells/mg670_b2_f54-002p001.pdf,https://objects.lib.uidaho.edu/wells/small/mg670_b2_f54-002p001_sm.jpg,https://objects.lib.uidaho.edu/wells/thumbs/mg670_b2_f54-002p001_th.jpg
wells024,Writing Notes & Synthesis III,"Wells, Richard B.",,"Item three from Folder 54. This item is a one-page handwritten document on ""Other Prolegomenal Topics.""",philosophy; metaphysics,Lined paper with handwritten notes in various colored ink about mental physics.,"Richard B. Wells Papers, MG 670, University of Idaho Library Special Collections and Archives, https://www.lib.uidaho.edu/special-collections/",mg670_b2_f54-003p001,,Text,looseleaf notes,application/pdf,https://archiveswest.orbiscascade.org/ark:80444/xv557263,Dr. Richard B. Wells Papers,eng,"In copyright, educational use permitted. Educational use includes non-commercial reproduction of text and images in materials for teaching and research purposes. For other contexts beyond fair use, including digital reproduction, please contact the University of Idaho Library Special Collections and Archives Department at libspec@uidaho.edu. The University of Idaho Library is not liable for any violations of the law by users.",http://rightsstatements.org/vocab/InC-EDU/1.0/,pdf,mg670_b2_f54-003p001.pdf,https://objects.lib.uidaho.edu/wells/mg670_b2_f54-003p001.pdf,https://objects.lib.uidaho.edu/wells/small/mg670_b2_f54-003p001_sm.jpg,https://objects.lib.uidaho.edu/wells/thumbs/mg670_b2_f54-003p001_th.jpg
wells025,Writing Notes & Synthesis IV,"Wells, Richard B.",,Item four from Folder 54. The item is a list of questions about representation in Critical Philosophy and Wells' reflections on his own work.,philosophy; metaphysics,Lined paper with handwritten notes in green ink about critical philosophy.,"Richard B. Wells Papers, MG 670, University of Idaho Library Special Collections and Archives, https://www.lib.uidaho.edu/special-collections/",mg670_b2_f54-004p001,,Text,looseleaf notes,application/pdf,https://archiveswest.orbiscascade.org/ark:80444/xv557263,Dr. Richard B. Wells Papers,eng,"In copyright, educational use permitted. Educational use includes non-commercial reproduction of text and images in materials for teaching and research purposes. For other contexts beyond fair use, including digital reproduction, please contact the University of Idaho Library Special Collections and Archives Department at libspec@uidaho.edu. The University of Idaho Library is not liable for any violations of the law by users.",http://rightsstatements.org/vocab/InC-EDU/1.0/,pdf,mg670_b2_f54-004p001.pdf,https://objects.lib.uidaho.edu/wells/mg670_b2_f54-004p001.pdf,https://objects.lib.uidaho.edu/wells/small/mg670_b2_f54-004p001_sm.jpg,https://objects.lib.uidaho.edu/wells/thumbs/mg670_b2_f54-004p001_th.jpg
wells026,Writing Notes & Synthesis V,"Wells, Richard B.",,"Item six from Folder 54. This item is a two-page handwritten document on ""Empirical-Judicial Aesthetic Judgment,"" including a list of definitions and a logical proof, as well as Wells' reflections.",philosophy; metaphysics; logic; cognition,Paper with handwritten notes in blue and red ink about philosophy. ,"Richard B. Wells Papers, MG 670, University of Idaho Library Special Collections and Archives, https://www.lib.uidaho.edu/special-collections/",mg670_b2_f54-006p001-002,,Text,looseleaf notes,application/pdf,https://archiveswest.orbiscascade.org/ark:80444/xv557263,Dr. Richard B. Wells Papers,eng,"In copyright, educational use permitted. Educational use includes non-commercial reproduction of text and images in materials for teaching and research purposes. For other contexts beyond fair use, including digital reproduction, please contact the University of Idaho Library Special Collections and Archives Department at libspec@uidaho.edu. The University of Idaho Library is not liable for any violations of the law by users.",http://rightsstatements.org/vocab/InC-EDU/1.0/,pdf,mg670_b2_f54-006p001-002.pdf,https://objects.lib.uidaho.edu/wells/mg670_b2_f54-006p001-002.pdf,https://objects.lib.uidaho.edu/wells/small/mg670_b2_f54-006p001-002_sm.jpg,https://objects.lib.uidaho.edu/wells/thumbs/mg670_b2_f54-006p001-002_th.jpg
wells027,Calculations & Notes for Textbook I,"Wells, Richard B.",1997,"Item five from Folder 56. The item is a six-page handwritten document containing a process of mathematical calculations, with occasional reflection by Wells.",mathematics; calculations,Graph notebook paper handwritten charts and notes in black ink about mathematical calculations.,"Richard B. Wells Papers, MG 670, University of Idaho Library Special Collections and Archives, https://www.lib.uidaho.edu/special-collections/",mg670_b2_f56-005p001-006,,Text,looseleaf notes,application/pdf,https://archiveswest.orbiscascade.org/ark:80444/xv557263,Dr. Richard B. Wells Papers,eng,"In copyright, educational use permitted. Educational use includes non-commercial reproduction of text and images in materials for teaching and research purposes. For other contexts beyond fair use, including digital reproduction, please contact the University of Idaho Library Special Collections and Archives Department at libspec@uidaho.edu. The University of Idaho Library is not liable for any violations of the law by users.",http://rightsstatements.org/vocab/InC-EDU/1.0/,pdf,mg670_b2_f56-005p001-006.pdf,https://objects.lib.uidaho.edu/wells/mg670_b2_f56-005p001-006.pdf,https://objects.lib.uidaho.edu/wells/small/mg670_b2_f56-005p001-006_sm.jpg,https://objects.lib.uidaho.edu/wells/thumbs/mg670_b2_f56-005p001-006_th.jpg
wells028,Calculations & Notes for Textbook II,"Wells, Richard B.",1997,"Item seven from Folder 56. The item is a three page series of handwritten lecture notes for EE 455, with accompanying calculations.",lecture notes; calculations,Graph notebook paper with handwritten charts and notes in blue ink about electrical engineering.,"Richard B. Wells Papers, MG 670, University of Idaho Library Special Collections and Archives, https://www.lib.uidaho.edu/special-collections/",mg670_b2_f56-007p001-003,,Text,looseleaf notes,application/pdf,https://archiveswest.orbiscascade.org/ark:80444/xv557263,Dr. Richard B. Wells Papers,eng,"In copyright, educational use permitted. Educational use includes non-commercial reproduction of text and images in materials for teaching and research purposes. For other contexts beyond fair use, including digital reproduction, please contact the University of Idaho Library Special Collections and Archives Department at libspec@uidaho.edu. The University of Idaho Library is not liable for any violations of the law by users.",http://rightsstatements.org/vocab/InC-EDU/1.0/,pdf,mg670_b2_f56-007p001-003.pdf,https://objects.lib.uidaho.edu/wells/mg670_b2_f56-007p001-003.pdf,https://objects.lib.uidaho.edu/wells/small/mg670_b2_f56-007p001-003_sm.jpg,https://objects.lib.uidaho.edu/wells/thumbs/mg670_b2_f56-007p001-003_th.jpg
wells029,"Critique, Ch. 7","Wells, Richard B.",2012,"The first and only item in Folder 57. The item is a printed draft manuscript of chapter 7 of ""Critique of the American Institution of Education."" The chapter is in order and complete.",manuscripts (documents); education; history,Typewritten chapter about public education with margin notes and corrections in pencil.,"Richard B. Wells Papers, MG 670, University of Idaho Library Special Collections and Archives, https://www.lib.uidaho.edu/special-collections/",mg670_b2_f57-001p001-011,,Text,typed manuscript,application/pdf,https://archiveswest.orbiscascade.org/ark:80444/xv557263,Dr. Richard B. Wells Papers,eng,"In copyright, educational use permitted. Educational use includes non-commercial reproduction of text and images in materials for teaching and research purposes. For other contexts beyond fair use, including digital reproduction, please contact the University of Idaho Library Special Collections and Archives Department at libspec@uidaho.edu. The University of Idaho Library is not liable for any violations of the law by users.",http://rightsstatements.org/vocab/InC-EDU/1.0/,pdf,mg670_b2_f57-001p001-011.pdf,https://objects.lib.uidaho.edu/wells/mg670_b2_f57-001p001-011.pdf,https://objects.lib.uidaho.edu/wells/small/mg670_b2_f57-001p001-011_sm.jpg,https://objects.lib.uidaho.edu/wells/thumbs/mg670_b2_f57-001p001-011_th.jpg
wells030,"Critical Idealism, Ch. 1","Wells, Richard B.",,The first ten pages of item one from folder 67. The item is an excerpt of the first chapter of a manuscript for a book on critical idealism. The pages are in order and complete.,manuscripts (documents); philosophy; metaphysics,Typewritten chapter about critical idealism.,"Richard B. Wells Papers, MG 670, University of Idaho Library Special Collections and Archives, https://www.lib.uidaho.edu/special-collections/",mg670_b2_f67-001p001-010,,Text,typed manuscript,application/pdf,https://archiveswest.orbiscascade.org/ark:80444/xv557263,Dr. Richard B. Wells Papers,eng,"In copyright, educational use permitted. Educational use includes non-commercial reproduction of text and images in materials for teaching and research purposes. For other contexts beyond fair use, including digital reproduction, please contact the University of Idaho Library Special Collections and Archives Department at libspec@uidaho.edu. The University of Idaho Library is not liable for any violations of the law by users.",http://rightsstatements.org/vocab/InC-EDU/1.0/,pdf,mg670_b2_f67-001p001-010.pdf,https://objects.lib.uidaho.edu/wells/mg670_b2_f67-001p001-010.pdf,https://objects.lib.uidaho.edu/wells/small/mg670_b2_f67-001p001-010_sm.jpg,https://objects.lib.uidaho.edu/wells/thumbs/mg670_b2_f67-001p001-010_th.jpg
wells031,Philosophy Ch. 13,"Wells, Richard B.",,The first eleven pages of item one from folder 68. Item one is  a draft manuscript of chapter 13 of an untitled book on philosophy and mental physics. The chapter is in order and complete.,manuscripts (documents); philosophy; metaphysics,Typewritten chapter about practical reason with margin notes and corrections in red ink and pencil.,"Richard B. Wells Papers, MG 670, University of Idaho Library Special Collections and Archives, https://www.lib.uidaho.edu/special-collections/",mg670_b2_f68-001p001-011,,Text,typed manuscript,application/pdf,https://archiveswest.orbiscascade.org/ark:80444/xv557263,Dr. Richard B. Wells Papers,eng,"In copyright, educational use permitted. Educational use includes non-commercial reproduction of text and images in materials for teaching and research purposes. For other contexts beyond fair use, including digital reproduction, please contact the University of Idaho Library Special Collections and Archives Department at libspec@uidaho.edu. The University of Idaho Library is not liable for any violations of the law by users.",http://rightsstatements.org/vocab/InC-EDU/1.0/,pdf,mg670_b2_f68-001p001-011.pdf,https://objects.lib.uidaho.edu/wells/mg670_b2_f68-001p001-011.pdf,https://objects.lib.uidaho.edu/wells/small/mg670_b2_f68-001p001-011_sm.jpg,https://objects.lib.uidaho.edu/wells/thumbs/mg670_b2_f68-001p001-011_th.jpg
wells032,Mental Physics article draft,"Wells, Richard B.",,"The first ten pages of item one from folder 80. Item one is a typed manuscript of an article titled ""Mental Physics: the Architectonics of Cognitive Systems.""",cognition; computer science; philosophy,Typewritten article about mental physics.,"Richard B. Wells Papers, MG 670, University of Idaho Library Special Collections and Archives, https://www.lib.uidaho.edu/special-collections/",mg670_b2_f80-001p001-010,,Text,typed manuscript,application/pdf,https://archiveswest.orbiscascade.org/ark:80444/xv557263,Dr. Richard B. Wells Papers,eng,"In copyright, educational use permitted. Educational use includes non-commercial reproduction of text and images in materials for teaching and research purposes. For other contexts beyond fair use, including digital reproduction, please contact the University of Idaho Library Special Collections and Archives Department at libspec@uidaho.edu. The University of Idaho Library is not liable for any violations of the law by users.",http://rightsstatements.org/vocab/InC-EDU/1.0/,pdf,mg670_b2_f80-001p001-010.pdf,https://objects.lib.uidaho.edu/wells/mg670_b2_f80-001p001-010.pdf,https://objects.lib.uidaho.edu/wells/small/mg670_b2_f80-001p001-010_sm.jpg,https://objects.lib.uidaho.edu/wells/thumbs/mg670_b2_f80-001p001-010_th.jpg
wells033,Associated Steno Solid States,"Wells, Richard B.",,"A ten-page excerpt from a 6x9 inch Associated Steno Notebook with a cover that reads ""Notes on Solid State Physics of Metals."" The excerpt contains Wells' commentary and calculations on ""Bloch Functions.""",physics; calculations,Lined notebook paper with handwritten notes in blue ink about electrical engineering.,"Richard B. Wells Papers, MG 670, University of Idaho Library Special Collections and Archives, https://www.lib.uidaho.edu/special-collections/",mg670_b3-083p001-010,,Text,notebook,application/pdf,https://archiveswest.orbiscascade.org/ark:80444/xv557263,Dr. Richard B. Wells Papers,eng,"In copyright, educational use permitted. Educational use includes non-commercial reproduction of text and images in materials for teaching and research purposes. For other contexts beyond fair use, including digital reproduction, please contact the University of Idaho Library Special Collections and Archives Department at libspec@uidaho.edu. The University of Idaho Library is not liable for any violations of the law by users.",http://rightsstatements.org/vocab/InC-EDU/1.0/,pdf,mg670_b3-083p001-010.pdf,https://objects.lib.uidaho.edu/wells/mg670_b3-083p001-010.pdf,https://objects.lib.uidaho.edu/wells/small/mg670_b3-083p001-010_sm.jpg,https://objects.lib.uidaho.edu/wells/thumbs/mg670_b3-083p001-010_th.jpg
wells034,Iowa State University computer science notes (green notebook),"Wells, Richard B.",1972,"An eight-page excerpt from green 8 and 1/2 by 11 inch Iowa State University brand spiral notebook, labeled ""Com Sci 201."" The excerpt includes notes from Computer Science 201 lectures, including one on ""Looping,"" and one on ""Arrays."" These include definitions, calculations, and diagrams.",computer science; lecture notes,Lined notebook paper with handwritten charts and notes in blue ink about computation.,"Richard B. Wells Papers, MG 670, University of Idaho Library Special Collections and Archives, https://www.lib.uidaho.edu/special-collections/",mg670_b3-084p001-008,,Text,notebook,application/pdf,https://archiveswest.orbiscascade.org/ark:80444/xv557263,Dr. Richard B. Wells Papers,eng,"In copyright, educational use permitted. Educational use includes non-commercial reproduction of text and images in materials for teaching and research purposes. For other contexts beyond fair use, including digital reproduction, please contact the University of Idaho Library Special Collections and Archives Department at libspec@uidaho.edu. The University of Idaho Library is not liable for any violations of the law by users.",http://rightsstatements.org/vocab/InC-EDU/1.0/,pdf,mg670_b3-084p001-008.pdf,https://objects.lib.uidaho.edu/wells/mg670_b3-084p001-008.pdf,https://objects.lib.uidaho.edu/wells/small/mg670_b3-084p001-008_sm.jpg,https://objects.lib.uidaho.edu/wells/thumbs/mg670_b3-084p001-008_th.jpg
wells035,Microwave lab notes (blue notebook),"Wells, Richard B.",1974-09-18,"A nine-page excerpt from light blue 9 and 1/4 by 11 inch laboratory notebook, labeled ""Richard B Wells Microwave Lab Sept 18, 1974 to Feb 20, 1975."" The excerpt is laboratory work from EE 420, titled ""Experiment in Pulsed Transmission Lines,"" and includes calculations and diagrams.",laboratory notes; electrical engineering; microwaves,Graph notebook paper with handwritten notes and drawings in black ink about electrical engineering.,"Richard B. Wells Papers, MG 670, University of Idaho Library Special Collections and Archives, https://www.lib.uidaho.edu/special-collections/",mg670_b3-085p001-009,,Text,notebook,application/pdf,https://archiveswest.orbiscascade.org/ark:80444/xv557263,Dr. Richard B. Wells Papers,eng,"In copyright, educational use permitted. Educational use includes non-commercial reproduction of text and images in materials for teaching and research purposes. For other contexts beyond fair use, including digital reproduction, please contact the University of Idaho Library Special Collections and Archives Department at libspec@uidaho.edu. The University of Idaho Library is not liable for any violations of the law by users.",http://rightsstatements.org/vocab/InC-EDU/1.0/,pdf,mg670_b3-085p001-009.pdf,https://objects.lib.uidaho.edu/wells/mg670_b3-085p001-009.pdf,https://objects.lib.uidaho.edu/wells/small/mg670_b3-085p001-009_sm.jpg,https://objects.lib.uidaho.edu/wells/thumbs/mg670_b3-085p001-009_th.jpg
wells036,Microwave Engineering lab notes,"Wells, Richard B.",1975-03-18,"A nine-page excerpt from a brown 9 and 1/4 by 11 inch laboratory notebook labeled ""R. B. Wells Microwave Engineering March 1975 to May 13 1975."" The excerpt is  laboratory work from EE 554, titled ""Measurement of [S] Parameters of Hybrid Tee Directional Coupler.""",electrical engineering; laboratory notes,Graph notebook paper with handwritten notes and graphs in black ink about electrical engineering.,"Richard B. Wells Papers, MG 670, University of Idaho Library Special Collections and Archives, https://www.lib.uidaho.edu/special-collections/",mg670_b3-087p001-009,,Text,notebook,application/pdf,https://archiveswest.orbiscascade.org/ark:80444/xv557263,Dr. Richard B. Wells Papers,eng,"In copyright, educational use permitted. Educational use includes non-commercial reproduction of text and images in materials for teaching and research purposes. For other contexts beyond fair use, including digital reproduction, please contact the University of Idaho Library Special Collections and Archives Department at libspec@uidaho.edu. The University of Idaho Library is not liable for any violations of the law by users.",http://rightsstatements.org/vocab/InC-EDU/1.0/,pdf,mg670_b3-087p001-009.pdf,https://objects.lib.uidaho.edu/wells/mg670_b3-087p001-009.pdf,https://objects.lib.uidaho.edu/wells/small/mg670_b3-087p001-009_sm.jpg,https://objects.lib.uidaho.edu/wells/thumbs/mg670_b3-087p001-009_th.jpg
wells037,MRCI Biological Information Processing 002,"Wells, Richard B.",2002-04-16,"A seven-page excerpt from a brown 11 and 3/4 by 9 and 1/4 inch computation notebook. The cover reads ""MRCI Biological Information Processing R. Wells BIP 002."" The excerpt covers various models of neurological processes, (e.g. synapses), in chemical and electrical terms, including several diagrams.",biology; electrical engineering; physiology,Graph notebook with handwritten notes in black ink and a pasted-in depiction of neuroscience topics.,"Richard B. Wells Papers, MG 670, University of Idaho Library Special Collections and Archives, https://www.lib.uidaho.edu/special-collections/",mg670_b3-090p001-007,,Text,notebook,application/pdf,https://archiveswest.orbiscascade.org/ark:80444/xv557263,Dr. Richard B. Wells Papers,eng,"In copyright, educational use permitted. Educational use includes non-commercial reproduction of text and images in materials for teaching and research purposes. For other contexts beyond fair use, including digital reproduction, please contact the University of Idaho Library Special Collections and Archives Department at libspec@uidaho.edu. The University of Idaho Library is not liable for any violations of the law by users.",http://rightsstatements.org/vocab/InC-EDU/1.0/,pdf,mg670_b3-090p001-007.pdf,https://objects.lib.uidaho.edu/wells/mg670_b3-090p001-007.pdf,https://objects.lib.uidaho.edu/wells/small/mg670_b3-090p001-007_sm.jpg,https://objects.lib.uidaho.edu/wells/thumbs/mg670_b3-090p001-007_th.jpg
wells038,MRCI Cognitive Automata 001,"Wells, Richard B.",1997-12-31,"An eight-page excerpt from a brown 11 and 3/4 by 9 and 1/4 inch computation notebook. The cover reads ""MRC Institute / CCIE Cognitive Automata Research R. Wells CA.001."" The excerpt contains Wells' introduction to the notebook, and his work on ""cognitive automata,"" especially the philosophical background of the work.",philosophy; artificial intelligence; cognition; engineering,Graph notebook with handwritten notes in blue ink about cognition.,"Richard B. Wells Papers, MG 670, University of Idaho Library Special Collections and Archives, https://www.lib.uidaho.edu/special-collections/",mg670_b3-092p001-008,,Text,notebook,application/pdf,https://archiveswest.orbiscascade.org/ark:80444/xv557263,Dr. Richard B. Wells Papers,eng,"In copyright, educational use permitted. Educational use includes non-commercial reproduction of text and images in materials for teaching and research purposes. For other contexts beyond fair use, including digital reproduction, please contact the University of Idaho Library Special Collections and Archives Department at libspec@uidaho.edu. The University of Idaho Library is not liable for any violations of the law by users.",http://rightsstatements.org/vocab/InC-EDU/1.0/,pdf,mg670_b3-092p001-008.pdf,https://objects.lib.uidaho.edu/wells/mg670_b3-092p001-008.pdf,https://objects.lib.uidaho.edu/wells/small/mg670_b3-092p001-008_sm.jpg,https://objects.lib.uidaho.edu/wells/thumbs/mg670_b3-092p001-008_th.jpg
wells039,Computer Research A-147,"Wells, Richard B.",1977-02-08,"An eleven-page excerpt from a brown 11 and 3/4 by 9 and 1/4 inch computation notebook. The cover reads ""Computer Research Rick Wells A-147."" The excerpt contains Wells' stated goals for the notebook, as well as computer and mechanical designs and diagrams.",computer science; electrical engineering,Graph notebook paper with handwritten notes in maroon ink about philosophy.,"Richard B. Wells Papers, MG 670, University of Idaho Library Special Collections and Archives, https://www.lib.uidaho.edu/special-collections/",mg670_b3-093p001-011,,Text,notebook,application/pdf,https://archiveswest.orbiscascade.org/ark:80444/xv557263,Dr. Richard B. Wells Papers,eng,"In copyright, educational use permitted. Educational use includes non-commercial reproduction of text and images in materials for teaching and research purposes. For other contexts beyond fair use, including digital reproduction, please contact the University of Idaho Library Special Collections and Archives Department at libspec@uidaho.edu. The University of Idaho Library is not liable for any violations of the law by users.",http://rightsstatements.org/vocab/InC-EDU/1.0/,pdf,mg670_b3-093p001-011.pdf,https://objects.lib.uidaho.edu/wells/mg670_b3-093p001-011.pdf,https://objects.lib.uidaho.edu/wells/small/mg670_b3-093p001-011_sm.jpg,https://objects.lib.uidaho.edu/wells/thumbs/mg670_b3-093p001-011_th.jpg
wells040,Control Theoretic,"Wells, Richard B.",1985-07-08,"A five-page excerpt from a brown 11 and 3/4 by 9 and 1/4 inch computation notebook. The cover reads ""Control Theoretic Aspects of Disc Memory Servo Systems Richard B. Wells."" The excerpt contains an introduction, a model of a servo system, and other models of mechanisms, with accompanying diagrams.",electrical engineering; laboratory notes,Graph notebook paper with handwritten notes in black ink about computer science.,"Richard B. Wells Papers, MG 670, University of Idaho Library Special Collections and Archives, https://www.lib.uidaho.edu/special-collections/",mg670_b3-094p001-005,,Text,notebook,application/pdf,https://archiveswest.orbiscascade.org/ark:80444/xv557263,Dr. Richard B. Wells Papers,eng,"In copyright, educational use permitted. Educational use includes non-commercial reproduction of text and images in materials for teaching and research purposes. For other contexts beyond fair use, including digital reproduction, please contact the University of Idaho Library Special Collections and Archives Department at libspec@uidaho.edu. The University of Idaho Library is not liable for any violations of the law by users.",http://rightsstatements.org/vocab/InC-EDU/1.0/,pdf,mg670_b3-094p001-005.pdf,https://objects.lib.uidaho.edu/wells/mg670_b3-094p001-005.pdf,https://objects.lib.uidaho.edu/wells/small/mg670_b3-094p001-005_sm.jpg,https://objects.lib.uidaho.edu/wells/thumbs/mg670_b3-094p001-005_th.jpg
wells041,Mathematical calculations (Associated Steno notebook),"Wells, Richard B.",,A seven-page excerpt from a 6x9 inch Associated Steno Notebook with an unlabeled cover. The excerpt includes a list of research topics and various unidentified mathematical calculations.,mathematics; electrical engineering; calculations,Lined notebook paper with handwritten notes in red ink about mathematics and electrical engineering.,"Richard B. Wells Papers, MG 670, University of Idaho Library Special Collections and Archives, https://www.lib.uidaho.edu/special-collections/",mg670_b3-096p001-007,,Text,notebook,application/pdf,https://archiveswest.orbiscascade.org/ark:80444/xv557263,Dr. Richard B. Wells Papers,eng,"In copyright, educational use permitted. Educational use includes non-commercial reproduction of text and images in materials for teaching and research purposes. For other contexts beyond fair use, including digital reproduction, please contact the University of Idaho Library Special Collections and Archives Department at libspec@uidaho.edu. The University of Idaho Library is not liable for any violations of the law by users.",http://rightsstatements.org/vocab/InC-EDU/1.0/,pdf,mg670_b3-096p001-007.pdf,https://objects.lib.uidaho.edu/wells/mg670_b3-096p001-007.pdf,https://objects.lib.uidaho.edu/wells/small/mg670_b3-096p001-007_sm.jpg,https://objects.lib.uidaho.edu/wells/thumbs/mg670_b3-096p001-007_th.jpg
wells042,Assorted electrical engineering calculations,"Wells, Richard B.",,"Item 4 from Folder 101. This item is a six-page series of handwritten calculations and diagrams about neuroscientific concepts, specifically an attempt to model a neuron in electrical terms.",electrical engineering; calculations; psychology; cognition,Paper with handwritten notes and calculations in blue ink about electrical engineering.,"Richard B. Wells Papers, MG 670, University of Idaho Library Special Collections and Archives, https://www.lib.uidaho.edu/special-collections/",mg670_b3_f101-004p001-006,,Text,looseleaf notes,application/pdf,https://archiveswest.orbiscascade.org/ark:80444/xv557263,Dr. Richard B. Wells Papers,eng,"In copyright, educational use permitted. Educational use includes non-commercial reproduction of text and images in materials for teaching and research purposes. For other contexts beyond fair use, including digital reproduction, please contact the University of Idaho Library Special Collections and Archives Department at libspec@uidaho.edu. The University of Idaho Library is not liable for any violations of the law by users.",http://rightsstatements.org/vocab/InC-EDU/1.0/,pdf,mg670_b3_f101-004p001-006.pdf,https://objects.lib.uidaho.edu/wells/mg670_b3_f101-004p001-006.pdf,https://objects.lib.uidaho.edu/wells/small/mg670_b3_f101-004p001-006_sm.jpg,https://objects.lib.uidaho.edu/wells/thumbs/mg670_b3_f101-004p001-006_th.jpg
wells043,Phil 404 lecture (yellow notebook),"Wells, Richard B.",2005,"A 4-page excerpt from a notebook. The excerpt is a lecture, ""Lecture 30,"" from PHIL 404: Historical Figures, from Fall 2005. The lecture covers Immanuel Kant's ideas of Pure Reason, positivism, and logic.",logic; philosophy; lecture notes,Lined notebook paper with handwritten notes in black and blue ink about philosophy.,"Richard B. Wells Papers, MG 670, University of Idaho Library Special Collections and Archives, https://www.lib.uidaho.edu/special-collections/",mg670_b3-107p001-004,,Text,notebook,application/pdf,https://archiveswest.orbiscascade.org/ark:80444/xv557263,Dr. Richard B. Wells Papers,eng,"In copyright, educational use permitted. Educational use includes non-commercial reproduction of text and images in materials for teaching and research purposes. For other contexts beyond fair use, including digital reproduction, please contact the University of Idaho Library Special Collections and Archives Department at libspec@uidaho.edu. The University of Idaho Library is not liable for any violations of the law by users.",http://rightsstatements.org/vocab/InC-EDU/1.0/,pdf,mg670_b3-107p001-004.pdf,https://objects.lib.uidaho.edu/wells/mg670_b3-107p001-004.pdf,https://objects.lib.uidaho.edu/wells/small/mg670_b3-107p001-004_sm.jpg,https://objects.lib.uidaho.edu/wells/thumbs/mg670_b3-107p001-004_th.jpg
wells044,Phil 404 materials,"Wells, Richard B.",2005,"Object #2 from Folder 109, which is a two-page syllabus from PHIL 404: Historical Figures, from Fall 2005.",history; philosophy; syllabi,Typewritten syllabus for a philosophy class.,"Richard B. Wells Papers, MG 670, University of Idaho Library Special Collections and Archives, https://www.lib.uidaho.edu/special-collections/",mg670_b3_f109-002p001-003,,Text,looseleaf notes,application/pdf,https://archiveswest.orbiscascade.org/ark:80444/xv557263,Dr. Richard B. Wells Papers,eng,"In copyright, educational use permitted. Educational use includes non-commercial reproduction of text and images in materials for teaching and research purposes. For other contexts beyond fair use, including digital reproduction, please contact the University of Idaho Library Special Collections and Archives Department at libspec@uidaho.edu. The University of Idaho Library is not liable for any violations of the law by users.",http://rightsstatements.org/vocab/InC-EDU/1.0/,pdf,mg670_b3_f109-002p001-003.pdf,https://objects.lib.uidaho.edu/wells/mg670_b3_f109-002p001-003.pdf,https://objects.lib.uidaho.edu/wells/small/mg670_b3_f109-002p001-003_sm.jpg,https://objects.lib.uidaho.edu/wells/thumbs/mg670_b3_f109-002p001-003_th.jpg
wells045,Electrical engineering guest lecture notes,"Wells, Richard B.",1995,"A ten-page looseleaf outline of a guest lecture for EE 504 Advanced Embedded Controllers, titled ""Understanding Cyclic Redundancy Check.""",electrical engineering; lecture notes,Graph paper with handwritten notes and drawings in blue ink related to electrical engineering.,"Richard B. Wells Papers, MG 670, University of Idaho Library Special Collections and Archives, https://www.lib.uidaho.edu/special-collections/",mg670_b3_f110-001p001-010,,Text,looseleaf notes,application/pdf,https://archiveswest.orbiscascade.org/ark:80444/xv557263,Dr. Richard B. Wells Papers,eng,"In copyright, educational use permitted. Educational use includes non-commercial reproduction of text and images in materials for teaching and research purposes. For other contexts beyond fair use, including digital reproduction, please contact the University of Idaho Library Special Collections and Archives Department at libspec@uidaho.edu. The University of Idaho Library is not liable for any violations of the law by users.",http://rightsstatements.org/vocab/InC-EDU/1.0/,pdf,mg670_b3_f110-001p001-010.pdf,https://objects.lib.uidaho.edu/wells/mg670_b3_f110-001p001-010.pdf,https://objects.lib.uidaho.edu/wells/small/mg670_b3_f110-001p001-010_sm.jpg,https://objects.lib.uidaho.edu/wells/thumbs/mg670_b3_f110-001p001-010_th.jpg
wells046,Richard B. Wells in 1996,,1996,Photograph of Richard B. Wells.,portraits; photographs,Black and white photograph of a person wearing a suit and glasses.,"VF UI Personnel, University of Idaho Library Special Collections and Archives, https://www.lib.uidaho.edu/special-collections/",vfuipersonnel_19_wells,,Image;StillImage,black and white photograph,image/jpeg,https://archiveswest.orbiscascade.org/ark:80444/xv644550,,eng,"In copyright, educational use permitted. Educational use includes non-commercial reproduction of text and images in materials for teaching and research purposes. For other contexts beyond fair use, including digital reproduction, please contact the University of Idaho Library Special Collections and Archives Department at libspec@uidaho.edu. The University of Idaho Library is not liable for any violations of the law by users.",http://rightsstatements.org/vocab/InC-EDU/1.0/,image,vfuipersonnel_19_wells.jpg,https://objects.lib.uidaho.edu/wells/vfuipersonnel_19_wells.jpg,https://objects.lib.uidaho.edu/wells/small/vfuipersonnel_19_wells_sm.jpg,https://objects.lib.uidaho.edu/wells/thumbs/vfuipersonnel_19_wells_th.jpg