objectid,filename,title,creator,date,date_is_approximate?,description,subject,location,latitude,longitude,source,identifier,type,format,language,rights,rightsstatement,display_template,object_location,image_small,image_thumb
winr_001,ug83-1-1-vol-1-no-1.pdf,Women in Forestry Journal Vol. 1 No. 1 ,The University of Idaho,1979-12,yes,"First published journal of Women in Natural Resources (originally called Women in Forestry), initiated by Linda Donohue of North Central Forest Experiment Station. Quote from creators: ""The intent of the newsletter is to build a communication and support network among career oriented women in Forest Service--not just for professional Foresters, but for all interested women. We hope it succeeds.""",journals (periodicals);forestry;people in agriculture or natural resource occupations;women's studies,"Moscow, Idaho",46.729352,-117.012741,UG 83 Women in Natural Resources collection,"UG 83-1-1, Vol. 1 No. 1",Image;StillImage,application/pdf,eng,"In Copyright - Educational Use Permitted. For more information, please contact University of Idaho Library Special Collections and Archives Department at libspec@uidaho.edu.",http://rightsstatements.org/vocab/InC-EDU/1.0/,pdf,https://objects.lib.uidaho.edu/winr/ug83-1-1-vol-1-no-1.pdf,https://objects.lib.uidaho.edu/winr/small/ug83-1-1-vol-1-no-1_sm.jpg,https://objects.lib.uidaho.edu/winr/thumbs/ug83-1-1-vol-1-no-1_th.jpg
winr_002,ug83-1-2-vol-2-no-1.pdf,Women in Forestry Journal Vol. 2 No. 1,The University of Idaho,1980-04,yes,Journal of Women in Natural Resources (originally called Women in Forestry),journals (periodicals);forestry;people in agriculture or natural resource occupations;women's studies,"Moscow, Idaho",46.729352,-117.012741,UG 83 Women in Natural Resources collection,"UG 83-1-2, Vol. 2 No. 1",Image;StillImage,application/pdf,eng,"In Copyright - Educational Use Permitted. For more information, please contact University of Idaho Library Special Collections and Archives Department at libspec@uidaho.edu.",http://rightsstatements.org/vocab/InC-EDU/1.0/,pdf,https://objects.lib.uidaho.edu/winr/ug83-1-2-vol-2-no-1.pdf,https://objects.lib.uidaho.edu/winr/small/ug83-1-2-vol-2-no-1_sm.jpg,https://objects.lib.uidaho.edu/winr/thumbs/ug83-1-2-vol-2-no-1_th.jpg
winr_003,ug83-1-4-vol-3-no-1.pdf,Women in Forestry Journal Vol. 3 No. 1,The University of Idaho,1981-01,yes,Journal of Women in Natural Resources (originally called Women in Forestry),journals (periodicals);forestry;people in agriculture or natural resource occupations;women's studies,"Moscow, Idaho",46.729352,-117.012741,UG 83 Women in Natural Resources collection,"UG 83-1-3, Vol. 3 No. 1",Image;StillImage,application/pdf,eng,"In Copyright - Educational Use Permitted. For more information, please contact University of Idaho Library Special Collections and Archives Department at libspec@uidaho.edu.",http://rightsstatements.org/vocab/InC-EDU/1.0/,pdf,https://objects.lib.uidaho.edu/winr/ug83-1-4-vol-3-no-1.pdf,https://objects.lib.uidaho.edu/winr/small/ug83-1-4-vol-3-no-1_sm.jpg,https://objects.lib.uidaho.edu/winr/thumbs/ug83-1-4-vol-3-no-1_th.jpg
winr_004,ug83-1-6-vol-3-no-3.pdf,Women in Forestry Journal Vol. 3 No. 3,The University of Idaho,1981-08,yes,Journal of Women in Natural Resources (originally called Women in Forestry),journals (periodicals);forestry;people in agriculture or natural resource occupations;women's studies,"Moscow, Idaho",46.729352,-117.012741,UG 83 Women in Natural Resources collection,"UG 83-1-4, Vol. 3 No. 3",Image;StillImage,application/pdf,eng,"In Copyright - Educational Use Permitted. For more information, please contact University of Idaho Library Special Collections and Archives Department at libspec@uidaho.edu.",http://rightsstatements.org/vocab/InC-EDU/1.0/,pdf,https://objects.lib.uidaho.edu/winr/ug83-1-6-vol-3-no-3.pdf,https://objects.lib.uidaho.edu/winr/small/ug83-1-6-vol-3-no-3_sm.jpg,https://objects.lib.uidaho.edu/winr/thumbs/ug83-1-6-vol-3-no-3_th.jpg
winr_005,ug83-1-7-vol-3-no-4.pdf,Women in Forestry Journal Vol. 3 No. 4,The University of Idaho,1981-11,yes,Journal of Women in Natural Resources (originally called Women in Forestry),journals (periodicals);forestry;people in agriculture or natural resource occupations;women's studies,"Moscow, Idaho",46.729352,-117.012741,UG 83 Women in Natural Resources collection,"UG 83-1-4, Vol. 3 No. 4",Image;StillImage,application/pdf,eng,"In Copyright - Educational Use Permitted. For more information, please contact University of Idaho Library Special Collections and Archives Department at libspec@uidaho.edu.",http://rightsstatements.org/vocab/InC-EDU/1.0/,pdf,https://objects.lib.uidaho.edu/winr/ug83-1-7-vol-3-no-4.pdf,https://objects.lib.uidaho.edu/winr/small/ug83-1-7-vol-3-no-4_sm.jpg,https://objects.lib.uidaho.edu/winr/thumbs/ug83-1-7-vol-3-no-4_th.jpg
winr_006,ug83-1-8-vol-4-no-1.pdf,Women in Forestry Journal Vol. 4 No. 1,The University of Idaho,1982-05,yes,Journal of Women in Natural Resources (originally called Women in Forestry),journals (periodicals);forestry;people in agriculture or natural resource occupations;women's studies,"Moscow, Idaho",46.729352,-117.012741,UG 83 Women in Natural Resources collection,"UG 83-1-5, Vol. 4 No. 1",Image;StillImage,application/pdf,eng,"In Copyright - Educational Use Permitted. For more information, please contact University of Idaho Library Special Collections and Archives Department at libspec@uidaho.edu.",http://rightsstatements.org/vocab/InC-EDU/1.0/,pdf,https://objects.lib.uidaho.edu/winr/ug83-1-8-vol-4-no-1.pdf,https://objects.lib.uidaho.edu/winr/small/ug83-1-8-vol-4-no-1_sm.jpg,https://objects.lib.uidaho.edu/winr/thumbs/ug83-1-8-vol-4-no-1_th.jpg
winr_007,ug83-1-10-vol-5-no-3.pdf,Women in Forestry Journal Vol. 5 No. 3,The University of Idaho,1983-09,yes,Career Advancement in the Forest Service,journals (periodicals);forestry;people in agriculture or natural resource occupations;women's studies,"Moscow, Idaho",46.729352,-117.012741,UG 83 Women in Natural Resources collection,"UG 83-1-10, Vol. 5 No. 3",Image;StillImage,application/pdf,eng,"In Copyright - Educational Use Permitted. For more information, please contact University of Idaho Library Special Collections and Archives Department at libspec@uidaho.edu.",http://rightsstatements.org/vocab/InC-EDU/1.0/,pdf,https://objects.lib.uidaho.edu/winr/ug83-1-10-vol-5-no-3.pdf,https://objects.lib.uidaho.edu/winr/small/ug83-1-10-vol-5-no-3_sm.jpg,https://objects.lib.uidaho.edu/winr/thumbs/ug83-1-10-vol-5-no-3_th.jpg
winr_008,ug83-1-14-vol-7-no-4.pdf,Women in Forestry Journal Vol. 7 No. 4,The University of Idaho,1985,yes,Range Conservationists Tell Their Stories,journals (periodicals);forestry;rangeland;people in agriculture or natural resource occupations;women's studies;interviews,"Moscow, Idaho",46.729352,-117.012741,UG 83 Women in Natural Resources collection,"UG 83-1-16, Vol. 7 No. 4",Image;StillImage,application/pdf,eng,"In Copyright - Educational Use Permitted. For more information, please contact University of Idaho Library Special Collections and Archives Department at libspec@uidaho.edu.",http://rightsstatements.org/vocab/InC-EDU/1.0/,pdf,https://objects.lib.uidaho.edu/winr/ug83-1-14-vol-7-no-4.pdf,https://objects.lib.uidaho.edu/winr/small/ug83-1-14-vol-7-no-4_sm.jpg,https://objects.lib.uidaho.edu/winr/thumbs/ug83-1-14-vol-7-no-4_th.jpg
winr_009,ug83-1-15-vol-8-no-1.pdf,Women in Forestry Journal Vol. 8 No. 1,The University of Idaho,1986-03,yes,Papers from the symposium: Women in Natural Resources,journals (periodicals);forestry;symposia(conferences);people in agriculture or natural resource occupations;women's studies,"Moscow, Idaho",46.729352,-117.012741,UG 83 Women in Natural Resources collection,"UG 83-1-17, Vol. 8 No. 1",Image;StillImage,application/pdf,eng,"In Copyright - Educational Use Permitted. For more information, please contact University of Idaho Library Special Collections and Archives Department at libspec@uidaho.edu.",http://rightsstatements.org/vocab/InC-EDU/1.0/,pdf,https://objects.lib.uidaho.edu/winr/ug83-1-15-vol-8-no-1.pdf,https://objects.lib.uidaho.edu/winr/small/ug83-1-15-vol-8-no-1_sm.jpg,https://objects.lib.uidaho.edu/winr/thumbs/ug83-1-15-vol-8-no-1_th.jpg
winr_010,ug83-1-16-vol-8-no-2.pdf,Women in Forestry Journal Vol. 8 No. 2,The University of Idaho,1986-06,yes,Focus on computers,journals (periodicals);forestry;information technology;history of technology;people in agriculture or natural resource occupations;women's studies,"Moscow, Idaho",46.729352,-117.012741,UG 83 Women in Natural Resources collection,"UG 83-1-17, Vol. 8 No. 2",Image;StillImage,application/pdf,eng,"In Copyright - Educational Use Permitted. For more information, please contact University of Idaho Library Special Collections and Archives Department at libspec@uidaho.edu.",http://rightsstatements.org/vocab/InC-EDU/1.0/,pdf,https://objects.lib.uidaho.edu/winr/ug83-1-16-vol-8-no-2.pdf,https://objects.lib.uidaho.edu/winr/small/ug83-1-16-vol-8-no-2_sm.jpg,https://objects.lib.uidaho.edu/winr/thumbs/ug83-1-16-vol-8-no-2_th.jpg
winr_011,ug83-1-17-vol-8-no-4.pdf,Women in Forestry Journal Vol. 8 No. 4,The University of Idaho,1987-12,yes,"Moto changes to for professionals in forestry, wildlife, range, fisheries, recreation, and related fields",journals (periodicals);forestry;natural resources;people in agriculture or natural resource occupations;women's studies,"Moscow, Idaho",46.729352,-117.012741,UG 83 Women in Natural Resources collection,"UG 83-1-18, Vol. 8 No. 4",Image;StillImage,application/pdf,eng,"In Copyright - Educational Use Permitted. For more information, please contact University of Idaho Library Special Collections and Archives Department at libspec@uidaho.edu.",http://rightsstatements.org/vocab/InC-EDU/1.0/,pdf,https://objects.lib.uidaho.edu/winr/ug83-1-17-vol-8-no-4.pdf,https://objects.lib.uidaho.edu/winr/small/ug83-1-17-vol-8-no-4_sm.jpg,https://objects.lib.uidaho.edu/winr/thumbs/ug83-1-17-vol-8-no-4_th.jpg
winr_012,ug83-1-19-vol-9-no-2.pdf,Women in Natural Resources Journal Vol. 9  No. 2,The University of Idaho,1987,yes,Name of the journal has changed to Women in Natural Resources. Agroforestry Issue,journals (periodicals);natural resources;people in agriculture or natural resource occupations;women's studies,"Moscow, Idaho",46.729352,-117.012741,UG 83 Women in Natural Resources collection,"UG 83-1-19, Vol. 9 No. 2",Image;StillImage,application/pdf,eng,"In Copyright - Educational Use Permitted. For more information, please contact University of Idaho Library Special Collections and Archives Department at libspec@uidaho.edu.",http://rightsstatements.org/vocab/InC-EDU/1.0/,pdf,https://objects.lib.uidaho.edu/winr/ug83-1-19-vol-9-no-2.pdf,https://objects.lib.uidaho.edu/winr/small/ug83-1-19-vol-9-no-2_sm.jpg,https://objects.lib.uidaho.edu/winr/thumbs/ug83-1-19-vol-9-no-2_th.jpg
winr_013,ug83-1-20-vol-9-no-3.pdf,Women in Natural Resources Journal Vol. 9 No. 3,The University of Idaho,1988,yes,Emphasis on Wildlife,journals (periodicals);natural resources;wildlife;people in agriculture or natural resource occupations;women's studies,"Moscow, Idaho",46.729352,-117.012741,UG 83 Women in Natural Resources collection,"UG 83-1-20, Vol. 9 No. 3",Image;StillImage,application/pdf,eng,"In Copyright - Educational Use Permitted. For more information, please contact University of Idaho Library Special Collections and Archives Department at libspec@uidaho.edu.",http://rightsstatements.org/vocab/InC-EDU/1.0/,pdf,https://objects.lib.uidaho.edu/winr/ug83-1-20-vol-9-no-3.pdf,https://objects.lib.uidaho.edu/winr/small/ug83-1-20-vol-9-no-3_sm.jpg,https://objects.lib.uidaho.edu/winr/thumbs/ug83-1-20-vol-9-no-3_th.jpg
winr_014,ug83-1-21-vol-9-no-4.pdf,Women in Natural Resources Journal Vol. 9 No. 4,The University of Idaho,1988,yes,Emphasis on Careers,journals (periodicals);natural resources;people in agriculture or natural resource occupations;women's studies,"Moscow, Idaho",46.729352,-117.012741,UG 83 Women in Natural Resources collection,"UG 83-1-20, Vol. 9 No. 4",Image;StillImage,application/pdf,eng,"In Copyright - Educational Use Permitted. For more information, please contact University of Idaho Library Special Collections and Archives Department at libspec@uidaho.edu.",http://rightsstatements.org/vocab/InC-EDU/1.0/,pdf,https://objects.lib.uidaho.edu/winr/ug83-1-21-vol-9-no-4.pdf,https://objects.lib.uidaho.edu/winr/small/ug83-1-21-vol-9-no-4_sm.jpg,https://objects.lib.uidaho.edu/winr/thumbs/ug83-1-21-vol-9-no-4_th.jpg
winr_015,ug83-1-23-vol-10-no-2.pdf,Women in Natural Resources Journal Vol. 10 No. 2,The University of Idaho,1988,yes,"Subjects include opinion pieces, parks, adventure travel, spiritual growth, and feminism.",journals (periodicals);natural resources;people in agriculture or natural resource occupations;women's studies;nature trails;national parks;feminism,"Moscow, Idaho",46.729352,-117.012741,UG 83 Women in Natural Resources collection,"UG 83-1-21, Vol. 10 No. 2",Image;StillImage,application/pdf,eng,"In Copyright - Educational Use Permitted. For more information, please contact University of Idaho Library Special Collections and Archives Department at libspec@uidaho.edu.",http://rightsstatements.org/vocab/InC-EDU/1.0/,pdf,https://objects.lib.uidaho.edu/winr/ug83-1-23-vol-10-no-2.pdf,https://objects.lib.uidaho.edu/winr/small/ug83-1-23-vol-10-no-2_sm.jpg,https://objects.lib.uidaho.edu/winr/thumbs/ug83-1-23-vol-10-no-2_th.jpg
winr_016,ug83-1-35-vol-13-no-4.pdf,Women in Natural Resources Journal Vol. 13 No. 4,The University of Idaho,1992-06,yes,Focus on Western Fisheries,journals (periodicals);natural resources;fisheries;people in agriculture or natural resource occupations;women's studies,"Moscow, Idaho",46.729352,-117.012741,UG 83 Women in Natural Resources collection,"UG 83-1-29, Vol. 13 No. 4",Image;StillImage,application/pdf,eng,"In Copyright - Educational Use Permitted. For more information, please contact University of Idaho Library Special Collections and Archives Department at libspec@uidaho.edu.",http://rightsstatements.org/vocab/InC-EDU/1.0/,pdf,https://objects.lib.uidaho.edu/winr/ug83-1-35-vol-13-no-4.pdf,https://objects.lib.uidaho.edu/winr/small/ug83-1-35-vol-13-no-4_sm.jpg,https://objects.lib.uidaho.edu/winr/thumbs/ug83-1-35-vol-13-no-4_th.jpg
winr_017,ug83-1-39-vol-15-no-1.pdf,Women in Natural Resources Journal Vol. 15 No. 1,The University of Idaho,1993-09,yes,"15th Anniversary Edition, Focus on Forest Service, Interview with Beverly Holmes, Women's Rights",journals (periodicals);natural resources;forestry;people in agriculture or natural resource occupations;women's studies;women's rights;interviews,"Moscow, Idaho",46.729352,-117.012741,UG 83 Women in Natural Resources collection,"UG 83-1-32, Vol. 15 No. 1",Image;StillImage,application/pdf,eng,"In Copyright - Educational Use Permitted. For more information, please contact University of Idaho Library Special Collections and Archives Department at libspec@uidaho.edu.",http://rightsstatements.org/vocab/InC-EDU/1.0/,pdf,https://objects.lib.uidaho.edu/winr/ug83-1-39-vol-15-no-1.pdf,https://objects.lib.uidaho.edu/winr/small/ug83-1-39-vol-15-no-1_sm.jpg,https://objects.lib.uidaho.edu/winr/thumbs/ug83-1-39-vol-15-no-1_th.jpg
winr_018,ug83-1-41-vol-15-no-3.pdf,Women in Natural Resources Journal Vol. 15 No. 3,The University of Idaho,1994-03,yes,"15th Anniversary Edition, african american women in agriculture & natural resources",journals (periodicals);natural resources;people in agriculture or natural resource occupations;women's studies;African American;heroines,"Moscow, Idaho",46.729352,-117.012741,UG 83 Women in Natural Resources collection,"UG 83-1-33, Vol. 15 No. 3",Image;StillImage,application/pdf,eng,"In Copyright - Educational Use Permitted. For more information, please contact University of Idaho Library Special Collections and Archives Department at libspec@uidaho.edu.",http://rightsstatements.org/vocab/InC-EDU/1.0/,pdf,https://objects.lib.uidaho.edu/winr/ug83-1-41-vol-15-no-3.pdf,https://objects.lib.uidaho.edu/winr/small/ug83-1-41-vol-15-no-3_sm.jpg,https://objects.lib.uidaho.edu/winr/thumbs/ug83-1-41-vol-15-no-3_th.jpg
winr_019,ug83-1-42-vol-15-no-4.pdf,Women in Natural Resources Journal Vol. 15 No. 4,The University of Idaho,1994-06,yes,"15th Anniversary Edition, Interview: Mollie Beattie, Range Resources, Environmental Education",journals (periodicals);natural resources;rangeland;people in agriculture or natural resource occupations;women's studies;education;interviews,"Moscow, Idaho",46.729352,-117.012741,UG 83 Women in Natural Resources collection,"UG 83-1-33, Vol. 15 No. 4",Image;StillImage,application/pdf,eng,"In Copyright - Educational Use Permitted. For more information, please contact University of Idaho Library Special Collections and Archives Department at libspec@uidaho.edu.",http://rightsstatements.org/vocab/InC-EDU/1.0/,pdf,https://objects.lib.uidaho.edu/winr/ug83-1-42-vol-15-no-4.pdf,https://objects.lib.uidaho.edu/winr/small/ug83-1-42-vol-15-no-4_sm.jpg,https://objects.lib.uidaho.edu/winr/thumbs/ug83-1-42-vol-15-no-4_th.jpg
winr_020,ug83-1-43-vol-16-no-1.pdf,Women in Natural Resources Journal Vol. 16 No. 1,The University of Idaho,1994-09,yes,"Subjects include interview with Wenonah Sharpe, sustainable development, ecosystem management, ruffed grouse, and West African Drylands.",journals (periodicals);natural resources;people in agriculture or natural resource occupations;women's studies;interviews;sustainability;sustainable development;environmental engineering ,"Moscow, Idaho",46.729352,-117.012741,UG 83 Women in Natural Resources collection,"UG 83-1-34, Vol. 16 No. 1",Image;StillImage,application/pdf,eng,"In Copyright - Educational Use Permitted. For more information, please contact University of Idaho Library Special Collections and Archives Department at libspec@uidaho.edu.",http://rightsstatements.org/vocab/InC-EDU/1.0/,pdf,https://objects.lib.uidaho.edu/winr/ug83-1-43-vol-16-no-1.pdf,https://objects.lib.uidaho.edu/winr/small/ug83-1-43-vol-16-no-1_sm.jpg,https://objects.lib.uidaho.edu/winr/thumbs/ug83-1-43-vol-16-no-1_th.jpg
winr_021,ug83-1-44-vol-16-no-2.pdf,Women in Natural Resources Journal Vol. 16 No. 2,The University of Idaho,1994-12,yes,Focus on Natural Resources Conservation Service formerly Soil Conservation Service,journals (periodicals);natural resources;people in agriculture or natural resource occupations;women's studies;conservation organizations,"Moscow, Idaho",46.729352,-117.012741,UG 83 Women in Natural Resources collection,"UG 83-1-34, Vol. 16 No. 2",Image;StillImage,application/pdf,eng,"In Copyright - Educational Use Permitted. For more information, please contact University of Idaho Library Special Collections and Archives Department at libspec@uidaho.edu.",http://rightsstatements.org/vocab/InC-EDU/1.0/,pdf,https://objects.lib.uidaho.edu/winr/ug83-1-44-vol-16-no-2.pdf,https://objects.lib.uidaho.edu/winr/small/ug83-1-44-vol-16-no-2_sm.jpg,https://objects.lib.uidaho.edu/winr/thumbs/ug83-1-44-vol-16-no-2_th.jpg
winr_022,ug83-1-44-vol-16-no-4.pdf,Women in Natural Resources Journal Vol. 16 No. 4,The University of Idaho,1995-06,yes,Focus on Rural Economic and Community Development,journals (periodicals);natural resources;people in agriculture or natural resource occupations;women's studies;interviews;sustainability;sustainable development,"Moscow, Idaho",46.729352,-117.012741,UG 83 Women in Natural Resources collection,"UG 83-1-35, Vol. 16 No. 4",Image;StillImage,application/pdf,eng,"In Copyright - Educational Use Permitted. For more information, please contact University of Idaho Library Special Collections and Archives Department at libspec@uidaho.edu.",http://rightsstatements.org/vocab/InC-EDU/1.0/,pdf,https://objects.lib.uidaho.edu/winr/ug83-1-44-vol-16-no-4.pdf,https://objects.lib.uidaho.edu/winr/small/ug83-1-44-vol-16-no-4_sm.jpg,https://objects.lib.uidaho.edu/winr/thumbs/ug83-1-44-vol-16-no-4_th.jpg
winr_023,ug83-1-47-vol-17-no-1.pdf,Women in Natural Resources Journal Vol. 17 No. 1,The University of Idaho,1995-09,yes,"Subjects include interview with Elaine Zielinski, New England Landscapes, Rural America, Logging",journals (periodicals);natural resources;people in agriculture or natural resource occupations;women's studies;interviews;cultural landscapes;logging,"Moscow, Idaho",46.729352,-117.012741,UG 83 Women in Natural Resources collection,"UG 83-1-37, Vol. 17 No. 1",Image;StillImage,application/pdf,eng,"In Copyright - Educational Use Permitted. For more information, please contact University of Idaho Library Special Collections and Archives Department at libspec@uidaho.edu.",http://rightsstatements.org/vocab/InC-EDU/1.0/,pdf,https://objects.lib.uidaho.edu/winr/ug83-1-47-vol-17-no-1.pdf,https://objects.lib.uidaho.edu/winr/small/ug83-1-47-vol-17-no-1_sm.jpg,https://objects.lib.uidaho.edu/winr/thumbs/ug83-1-47-vol-17-no-1_th.jpg
winr_024,ug83-1-48-vol-17-no-2.pdf,Women in Natural Resources Journal Vol. 17 No. 2,The University of Idaho,1995-12,yes,Focus on Agroforestry,journals (periodicals);natural resources;people in agriculture or natural resource occupations;women's studies;interviews;cultural landscapes;tribal areas,"Moscow, Idaho",46.729352,-117.012741,UG 83 Women in Natural Resources collection,"UG 83-1-37, Vol. 17 No. 2",Image;StillImage,application/pdf,eng,"In Copyright - Educational Use Permitted. For more information, please contact University of Idaho Library Special Collections and Archives Department at libspec@uidaho.edu.",http://rightsstatements.org/vocab/InC-EDU/1.0/,pdf,https://objects.lib.uidaho.edu/winr/ug83-1-48-vol-17-no-2.pdf,https://objects.lib.uidaho.edu/winr/small/ug83-1-48-vol-17-no-2_sm.jpg,https://objects.lib.uidaho.edu/winr/thumbs/ug83-1-48-vol-17-no-2_th.jpg
winr_025,ug83-1-49-vol-17-no-3.pdf,Women in Natural Resources Journal Vol. 17 No. 3,The University of Idaho,1996-03,yes,"Subjects include NPS women, Atlantic Salmon, Watersheds, and Women and Science.",journals (periodicals);natural resources;watersheds (drainage divides);people in agriculture or natural resource occupations;women's studies;women's rights;cultural property,"Moscow, Idaho",46.729352,-117.012741,UG 83 Women in Natural Resources collection,"UG 83-1-38, Vol. 17 No. 3",Image;StillImage,application/pdf,eng,"In Copyright - Educational Use Permitted. For more information, please contact University of Idaho Library Special Collections and Archives Department at libspec@uidaho.edu.",http://rightsstatements.org/vocab/InC-EDU/1.0/,pdf,https://objects.lib.uidaho.edu/winr/ug83-1-49-vol-17-no-3.pdf,https://objects.lib.uidaho.edu/winr/small/ug83-1-49-vol-17-no-3_sm.jpg,https://objects.lib.uidaho.edu/winr/thumbs/ug83-1-49-vol-17-no-3_th.jpg
winr_026,ug83-1-50-vol-17-no-4.pdf,Women in Natural Resources Journal Vol. 17 No. 4,The University of Idaho,1996-06,yes,Focus on Looking Back at the Dallas Symposium of 1985 and Interview: Ann Forest Burns,journals (periodicals);natural resources;people in agriculture or natural resource occupations;women's studies;symposia (conferences);interviews,"Moscow, Idaho",46.729352,-117.012741,UG 83 Women in Natural Resources collection,"UG 83-1-38, Vol. 17 No. 4",Image;StillImage,application/pdf,eng,"In Copyright - Educational Use Permitted. For more information, please contact University of Idaho Library Special Collections and Archives Department at libspec@uidaho.edu.",http://rightsstatements.org/vocab/InC-EDU/1.0/,pdf,https://objects.lib.uidaho.edu/winr/ug83-1-50-vol-17-no-4.pdf,https://objects.lib.uidaho.edu/winr/small/ug83-1-50-vol-17-no-4_sm.jpg,https://objects.lib.uidaho.edu/winr/thumbs/ug83-1-50-vol-17-no-4_th.jpg
winr_027,ug83-1-51-vol-18-no-1.pdf,Women in Natural Resources Journal Vol. 18 No. 1,The University of Idaho,1996-09,yes,"Subjects include National Forests, Wilderness Vision Quests, Beauty Myth, Girl Scouts, and Mollie Beattie Memorial",journals (periodicals);natural resources;national parks;people in agriculture or natural resource occupations;women's studies;cultural heritage;obituaries,"Moscow, Idaho",46.729352,-117.012741,UG 83 Women in Natural Resources collection,"UG 83-1-39, Vol. 18 No. 1",Image;StillImage,application/pdf,eng,"In Copyright - Educational Use Permitted. For more information, please contact University of Idaho Library Special Collections and Archives Department at libspec@uidaho.edu.",http://rightsstatements.org/vocab/InC-EDU/1.0/,pdf,https://objects.lib.uidaho.edu/winr/ug83-1-51-vol-18-no-1.pdf,https://objects.lib.uidaho.edu/winr/small/ug83-1-51-vol-18-no-1_sm.jpg,https://objects.lib.uidaho.edu/winr/thumbs/ug83-1-51-vol-18-no-1_th.jpg
winr_028,ug83-1-52-vol-18-no-2.pdf,Women in Natural Resources Journal Vol. 18 No. 2,The University of Idaho,1997-12,yes,Focus on Peace Corps,journals (periodicals);natural resources;international;people in agriculture or natural resource occupations;women's studies;volunteers;volunteering;interviews,"Moscow, Idaho",46.729352,-117.012741,UG 83 Women in Natural Resources collection,"UG 83-1-40, Vol. 18 No. 2",Image;StillImage,application/pdf,eng,"In Copyright - Educational Use Permitted. For more information, please contact University of Idaho Library Special Collections and Archives Department at libspec@uidaho.edu.",http://rightsstatements.org/vocab/InC-EDU/1.0/,pdf,https://objects.lib.uidaho.edu/winr/ug83-1-52-vol-18-no-2.pdf,https://objects.lib.uidaho.edu/winr/small/ug83-1-52-vol-18-no-2_sm.jpg,https://objects.lib.uidaho.edu/winr/thumbs/ug83-1-52-vol-18-no-2_th.jpg
winr_029,ug83-1-54-vol-19-no-2.pdf,Women in Natural Resources Journal Vol. 19 No. 2,The University of Idaho,1998-12,yes,Forest Products Focus,journals (periodicals);natural resources;forestry;people in agriculture or natural resource occupations;women's studies;interviews,"Moscow, Idaho",46.729352,-117.012741,UG 83 Women in Natural Resources collection,"UG 83-1-42, Vol. 19 No. 2",Image;StillImage,application/pdf,eng,"In Copyright - Educational Use Permitted. For more information, please contact University of Idaho Library Special Collections and Archives Department at libspec@uidaho.edu.",http://rightsstatements.org/vocab/InC-EDU/1.0/,pdf,https://objects.lib.uidaho.edu/winr/ug83-1-54-vol-19-no-2.pdf,https://objects.lib.uidaho.edu/winr/small/ug83-1-54-vol-19-no-2_sm.jpg,https://objects.lib.uidaho.edu/winr/thumbs/ug83-1-54-vol-19-no-2_th.jpg
winr_030,ug83-1-55-vol-19-no-3.pdf,Women in Natural Resources Journal Vol. 19 No. 3,The University of Idaho,1998-03,yes,Forest Products Focus: Part 2. This is the last hard-copy journal in the Women in Natural Resources Collection. ,journals (periodicals);natural resources;forestry;people in agriculture or natural resource occupations;women's studies;interviews,"Moscow, Idaho",46.729352,-117.012741,UG 83 Women in Natural Resources collection,"UG 83-1-43, Vol. 19 No. 3",Image;StillImage,application/pdf,eng,"In Copyright - Educational Use Permitted. For more information, please contact University of Idaho Library Special Collections and Archives Department at libspec@uidaho.edu.",http://rightsstatements.org/vocab/InC-EDU/1.0/,pdf,https://objects.lib.uidaho.edu/winr/ug83-1-55-vol-19-no-3.pdf,https://objects.lib.uidaho.edu/winr/small/ug83-1-55-vol-19-no-3_sm.jpg,https://objects.lib.uidaho.edu/winr/thumbs/ug83-1-55-vol-19-no-3_th.jpg
winr_031,ug83-2-56.jpg,"Photograph of Andrea Warner, holding a fish while standing in a stream","Warner, Andrea",,,One photograph in the folder of correspondence with Andrea Warner (AK Region of FS) on the origin of WiNR,natural resources;fisheries;people in agriculture or natural resource occupations;women's studies;black-and-white photographs,"Juneau, Alaska",58.301709,-134.42069,UG 83 Women in Natural Resources collection,UG 83-2-56,Image;StillImage,image/jpeg,eng,"In Copyright - Educational Use Permitted. For more information, please contact University of Idaho Library Special Collections and Archives Department at libspec@uidaho.edu.",http://rightsstatements.org/vocab/InC-EDU/1.0/,image,https://objects.lib.uidaho.edu/winr/ug83-2-56.jpg,https://objects.lib.uidaho.edu/winr/small/ug83-2-56_sm.jpg,https://objects.lib.uidaho.edu/winr/thumbs/ug83-2-56_th.jpg
winr_032,ug83-2-81.pdf,Life as a (female) Hotshot,Unknown: Female member of LaGrande Interagency Hotshot crew,1989,yes,Submission to WiNR journal: a female Hotshot's experience with firefighting in Yellowstone National Park,natural resources;national parks;people in agriculture or natural resource occupations;women's studies;firefighters,"La Grande, Oregon",45.285014,-118.001887,UG 83 Women in Natural Resources collection,UG 83-2-81,Image;StillImage,application/pdf,eng,"In Copyright - Educational Use Permitted. For more information, please contact University of Idaho Library Special Collections and Archives Department at libspec@uidaho.edu.",http://rightsstatements.org/vocab/InC-EDU/1.0/,pdf,https://objects.lib.uidaho.edu/winr/ug83-2-81.pdf,https://objects.lib.uidaho.edu/winr/small/ug83-2-81_sm.jpg,https://objects.lib.uidaho.edu/winr/thumbs/ug83-2-81_th.jpg
winr_033,ug83-2-87-1.jpg,Women participants from Educating Forest Technicians into the 21st Century International Conference ,"Seawell, Ruth",1989,yes,"One photograph showing participants from the Educating Forest Technicians into the 21st Century International Conference illustrating the article Women in the Field, Who Needs Them? by Ruth Seawell",natural resources;people in agriculture or natural resource occupations;women's studies;symposia (conferences);black-and-white photographs,"Paul Smiths, New York",44.437803,-74.253447,UG 83 Women in Natural Resources collection,UG 83-2-87-1,Image;StillImage,image/jpeg,eng,"In Copyright - Educational Use Permitted. For more information, please contact University of Idaho Library Special Collections and Archives Department at libspec@uidaho.edu.",http://rightsstatements.org/vocab/InC-EDU/1.0/,image,https://objects.lib.uidaho.edu/winr/ug83-2-87-1.jpg,https://objects.lib.uidaho.edu/winr/small/ug83-2-87-1_sm.jpg,https://objects.lib.uidaho.edu/winr/thumbs/ug83-2-87-1_th.jpg
winr_034,ug83-2-87-2.jpg,All participants from Educating Forest Technicians into the 21st Century International Conference,"Seawell, Ruth",1989,yes,"One photograph showing participants from the Educating Forest Technicians into the 21st Century International Conference illustrating the article Women in the Field, Who Needs Them? by Ruth Seawell",natural resources;people in agriculture or natural resource occupations;women's studies;symposia (conferences);black-and-white photographs,"Paul Smiths, New York",44.437803,-74.253447,UG 83 Women in Natural Resources collection,UG 83-2-87-2,Image;StillImage,image/jpeg,eng,"In Copyright - Educational Use Permitted. For more information, please contact University of Idaho Library Special Collections and Archives Department at libspec@uidaho.edu.",http://rightsstatements.org/vocab/InC-EDU/1.0/,image,https://objects.lib.uidaho.edu/winr/ug83-2-87-2.jpg,https://objects.lib.uidaho.edu/winr/small/ug83-2-87-2_sm.jpg,https://objects.lib.uidaho.edu/winr/thumbs/ug83-2-87-2_th.jpg
winr_035,ug83-2-91.jpg,Denise Meridith and Cornell official at Alumni Event in San Francisco,"Apple, Daina D.",1989-12,yes,Photograph taken at an alumni event in San Francisco to help illustrate an interview with Denise Meridith (Associate State Director of BLM) by Diana Apple,natural resources;people in agriculture or natural resource occupations;women's studies;interview;color photographs,"San Francisco, California",37.777498,-122.419945,UG 83 Women in Natural Resources collection,UG 83-2-91,Image;StillImage,image/jpeg,eng,"In Copyright - Educational Use Permitted. For more information, please contact University of Idaho Library Special Collections and Archives Department at libspec@uidaho.edu.",http://rightsstatements.org/vocab/InC-EDU/1.0/,image,https://objects.lib.uidaho.edu/winr/ug83-2-91.jpg,https://objects.lib.uidaho.edu/winr/small/ug83-2-91_sm.jpg,https://objects.lib.uidaho.edu/winr/thumbs/ug83-2-91_th.jpg
winr_036,ug83-2-126-1.jpg,Monica Bargielski at the Cleveland Museum Quarry at Garden Park,"Bargielski, Monica ",1990-05,yes,Photograph used in article Cultural Paleontological Resource Management in BLM by Monica Bargielski (Archaeologist BLM CO),natural resources;people in agriculture or natural resource occupations;women's studies;archaeology;archaeologists;black-and-white photographs,"Canon City, Colorado",38.532831,-105.219386,UG 83 Women in Natural Resources collection,UG 83-2-126-1,Image;StillImage,image/jpeg,eng,"In Copyright - Educational Use Permitted. For more information, please contact University of Idaho Library Special Collections and Archives Department at libspec@uidaho.edu.",http://rightsstatements.org/vocab/InC-EDU/1.0/,image,https://objects.lib.uidaho.edu/winr/ug83-2-126-1.jpg,https://objects.lib.uidaho.edu/winr/small/ug83-2-126-1_sm.jpg,https://objects.lib.uidaho.edu/winr/thumbs/ug83-2-126-1_th.jpg
winr_037,ug83-2-126-2.jpg,"Monica Bargielski with Apishipa-Style petroglyphs near Ca√±on City, CO","Bargielski, Monica ",1990-05,yes,Photograph used in article Cultural Paleontological Resource Management in BLM by Monica Bargielski (Archaeologist BLM CO),natural resources;people in agriculture or natural resource occupations;women's studies;archaeology;archaeologists;black-and-white photographs,"Canon City, Colorado",38.532831,-105.219386,UG 83 Women in Natural Resources collection,UG 83-2-126-2,Image;StillImage,image/jpeg,eng,"In Copyright - Educational Use Permitted. For more information, please contact University of Idaho Library Special Collections and Archives Department at libspec@uidaho.edu.",http://rightsstatements.org/vocab/InC-EDU/1.0/,image,https://objects.lib.uidaho.edu/winr/ug83-2-126-2.jpg,https://objects.lib.uidaho.edu/winr/small/ug83-2-126-2_sm.jpg,https://objects.lib.uidaho.edu/winr/thumbs/ug83-2-126-2_th.jpg
winr_038,ug83-3-158.jpg,Susan Stokke standing in a field with trees in the background,"Stokke, Susan ",1991,yes,Photograph used in article Integrating Rangeland Stewardship by Susan Stokke (USDAFS) ,natural resources;people in agriculture or natural resource occupations;women's studies;rangeland;black-and-white photographs,"Vallejo, California",38.084252,-122.264131,UG 83 Women in Natural Resources collection,UG 83-3-158,Image;StillImage,image/jpeg,eng,"In Copyright - Educational Use Permitted. For more information, please contact University of Idaho Library Special Collections and Archives Department at libspec@uidaho.edu.",http://rightsstatements.org/vocab/InC-EDU/1.0/,image,https://objects.lib.uidaho.edu/winr/ug83-3-158.jpg,https://objects.lib.uidaho.edu/winr/small/ug83-3-158_sm.jpg,https://objects.lib.uidaho.edu/winr/thumbs/ug83-3-158_th.jpg
winr_039,ug83-3-178.jpg,"Gretchen Sausen (Ranger and Fish Biologist) checking for aquatic insects on a rock at Elk Creek, Wallowa Valley Ranger District, Wallowa-Whitman N.F.","Bonar, Ronald",1992-03-30,no,"Photograph used in the biography of Gretchen Sausen (Ranger), taken by Ronald Bonar (Forester)",natural resources;people in agriculture or natural resource occupations;women's studies;watersheds (drainage divides);black-and-white photographs,"Unity, Oregon",44.402403,-118.329268,UG 83 Women in Natural Resources collection,UG 83-3-178,Image;StillImage,image/jpeg,eng,"In Copyright - Educational Use Permitted. For more information, please contact University of Idaho Library Special Collections and Archives Department at libspec@uidaho.edu.",http://rightsstatements.org/vocab/InC-EDU/1.0/,image,https://objects.lib.uidaho.edu/winr/ug83-3-178.jpg,https://objects.lib.uidaho.edu/winr/small/ug83-3-178_sm.jpg,https://objects.lib.uidaho.edu/winr/thumbs/ug83-3-178_th.jpg
winr_040,ug83-3-180-1.jpg,Kathy Clemens looking at a microscope,"Clemens, Kathy",1992-04,yes,"One photograph used in article Small Hatchery, Great Job by Kathy Clemens (Supervising Fishery Biologist)",natural resources;people in agriculture or natural resource occupations;women's studies;fisheries;color photographs,"Ahsahka, Idaho",46.502302,-116.321982,UG 83 Women in Natural Resources collection,UG 83-3-180-1,Image;StillImage,image/jpeg,eng,"In Copyright - Educational Use Permitted. For more information, please contact University of Idaho Library Special Collections and Archives Department at libspec@uidaho.edu.",http://rightsstatements.org/vocab/InC-EDU/1.0/,image,https://objects.lib.uidaho.edu/winr/ug83-3-180-1.jpg,https://objects.lib.uidaho.edu/winr/small/ug83-3-180-1_sm.jpg,https://objects.lib.uidaho.edu/winr/thumbs/ug83-3-180-1_th.jpg
winr_041,ug83-3-180-2.jpg,Researchers injecting adult salmon with erythnomycin,"Clemens, Kathy ",1992-04,yes,"One photograph used in article Small Hatchery, Great Job by Kathy Clemens (Supervising Fishery Biologist)",natural resources;people in agriculture or natural resource occupations;women's studies;fisheries;wildlife;color photographs,"Ahsahka, Idaho",46.502302,-116.321982,UG 83 Women in Natural Resources collection,UG 83-3-180-2,Image;StillImage,image/jpeg,eng,"In Copyright - Educational Use Permitted. For more information, please contact University of Idaho Library Special Collections and Archives Department at libspec@uidaho.edu.",http://rightsstatements.org/vocab/InC-EDU/1.0/,image,https://objects.lib.uidaho.edu/winr/ug83-3-180-2.jpg,https://objects.lib.uidaho.edu/winr/small/ug83-3-180-2_sm.jpg,https://objects.lib.uidaho.edu/winr/thumbs/ug83-3-180-2_th.jpg
winr_042,ug83-3-192.jpg,Elesa Cottrell pointing something out to James Green while standing in a field of corn,"Abbott-Donnelly, Dot ",1992-07,yes,"Photograph of Elesa K. Cottrell (State Conservationist, MD's first woman Resource Conservation and Development Coordinator for USDA) and James J. Green (Surveying Technician), used to illustrate an article about the USDA Soil Conservation Service in Delawaresubmitted to WiNR. photograph taken by Dot Abbott-Donnelly",natural resources;people in agriculture or natural resource occupations;women's studies;conservation organizations;black-and-white photographs,"Dover, Delaware",39.160076,-75.524126,UG 83 Women in Natural Resources collection,UG 83-3-192,Image;StillImage,image/jpeg,eng,"In Copyright - Educational Use Permitted. For more information, please contact University of Idaho Library Special Collections and Archives Department at libspec@uidaho.edu.",http://rightsstatements.org/vocab/InC-EDU/1.0/,image,https://objects.lib.uidaho.edu/winr/ug83-3-192.jpg,https://objects.lib.uidaho.edu/winr/small/ug83-3-192_sm.jpg,https://objects.lib.uidaho.edu/winr/thumbs/ug83-3-192_th.jpg
winr_043,ug83-3-216.jpg,"Ann Humble (bighorn sheep researcher), hiking to a good sheep observation point in Pinnacles Overlook, Badlands National Park, SD","Naylor, Valerie ",1993-01,yes,"Photograph used to illustrate the article A Winter With the Bighorns by Valerie Naylor (Assistant Chief Naturalist, Badlands National Park)",natural resources;people in agriculture or natural resource occupations;women's studies;national parks;wild animal parks;wildlife;black-and-white photographs,"Badlands National Park, South Dakota",43.865516,-102.226961,UG 83 Women in Natural Resources collection,UG 83-3-216,Image;StillImage,image/jpeg,eng,"In Copyright - Educational Use Permitted. For more information, please contact University of Idaho Library Special Collections and Archives Department at libspec@uidaho.edu.",http://rightsstatements.org/vocab/InC-EDU/1.0/,image,https://objects.lib.uidaho.edu/winr/ug83-3-216.jpg,https://objects.lib.uidaho.edu/winr/small/ug83-3-216_sm.jpg,https://objects.lib.uidaho.edu/winr/thumbs/ug83-3-216_th.jpg
winr_044,ug83-5-223.jpg,Archaeologist Jeanne Schaaf examining an Inuit spear,"Krammer, Jennifer",1993-02,yes,Photograph used to illustrate the article The Proposed Beringian Heritage International Park by Dale Taylor (NPS). photographgraph taken by Jennifer Krammer.,natural resources;national parks;people in agriculture or natural resource occupations;women's studies;archaeology;archaeologists;cultural heritage;cultural property;cultural landscapes;black-and-white photographs,"Anchorage, Alaska",61.217554,-149.88658,UG 83 Women in Natural Resources collection,UG 83-5-223,Image;StillImage,image/jpeg,eng,"In Copyright - Educational Use Permitted. For more information, please contact University of Idaho Library Special Collections and Archives Department at libspec@uidaho.edu.",http://rightsstatements.org/vocab/InC-EDU/1.0/,image,https://objects.lib.uidaho.edu/winr/ug83-5-223.jpg,https://objects.lib.uidaho.edu/winr/small/ug83-5-223_sm.jpg,https://objects.lib.uidaho.edu/winr/thumbs/ug83-5-223_th.jpg
winr_045,ug83-3-225.jpg,"Linda Canzanelli giving a speech at Women's Rights National Historical Park, site of the First Women's Rights Convention in 1848","Canzanelli, Linda ",1993-01,yes,Photograph used to illustrate the article Women's Rights by Linda Canzanelli (Superindentent of NPS),natural resources;national parks;people in agriculture or natural resource occupations;women's studies;women's rights;cultural landscapes;black-and-white photographs,"Seneca Falls, New York",42.910584,-76.799898,UG 83 Women in Natural Resources collection,UG 83-3-225,Image;StillImage,image/jpeg,eng,"In Copyright - Educational Use Permitted. For more information, please contact University of Idaho Library Special Collections and Archives Department at libspec@uidaho.edu.",http://rightsstatements.org/vocab/InC-EDU/1.0/,image,https://objects.lib.uidaho.edu/winr/ug83-3-225.jpg,https://objects.lib.uidaho.edu/winr/small/ug83-3-225_sm.jpg,https://objects.lib.uidaho.edu/winr/thumbs/ug83-3-225_th.jpg
winr_046,ug83-3-228.jpg,Marianne Peak (L) and Barbara Mackey (R) standing on the porch outside of a building,"Mackey, Barbara",1993-02,yes,Photograph used to illustrate the article on Adams National Historic Site by Barbara Mackey (NPS),natural resources;national parks;people in agriculture or natural resource occupations;women's studies;women's rights;cultural landscapes;black-and-white photographs,"Quincy, Massachusetts",42.256235,-71.010909,UG 83 Women in Natural Resources collection,UG 83-3-228,Image;StillImage,image/jpeg,eng,"In Copyright - Educational Use Permitted. For more information, please contact University of Idaho Library Special Collections and Archives Department at libspec@uidaho.edu.",http://rightsstatements.org/vocab/InC-EDU/1.0/,image,https://objects.lib.uidaho.edu/winr/ug83-3-228.jpg,https://objects.lib.uidaho.edu/winr/small/ug83-3-228_sm.jpg,https://objects.lib.uidaho.edu/winr/thumbs/ug83-3-228_th.jpg
winr_047,ug83-4-232.pdf,"When Men had Their Day by Mary Daugherty (Federal Woman's Program Manager, SCS)","Daugherty, Mary ",,,Submission to WiNR journal: recognizing men's support of female Soil Conservation Service officers on Women's Equality Day,natural resources;conservation organizations;people in agriculture or natural resource occupations;women's studies;women's rights,"Moscow, Idaho",35.491694,-85.012214,UG 83 Women in Natural Resources collection,UG 83-4-232,Image;StillImage,application/pdf,eng,"In Copyright - Educational Use Permitted. For more information, please contact University of Idaho Library Special Collections and Archives Department at libspec@uidaho.edu.",http://rightsstatements.org/vocab/InC-EDU/1.0/,pdf,https://objects.lib.uidaho.edu/winr/ug83-4-232.pdf,https://objects.lib.uidaho.edu/winr/small/ug83-4-232_sm.jpg,https://objects.lib.uidaho.edu/winr/thumbs/ug83-4-232_th.jpg
winr_048,ug83-4-235.jpg,Marie Rust and Joyce Walker at a conference,"Apple, Daina D.",1993-03,yes,One of the photographs used to illustrate an interview with Marie Rust (Director of NPS),natural resources;national parks;people in agriculture or natural resource occupations;women's studies;black-and-white photographs,"Moscow, Idaho",46.729352,-117.012741,UG 83 Women in Natural Resources collection,UG 83-4-235,Image;StillImage,image/jpeg,eng,"In Copyright - Educational Use Permitted. For more information, please contact University of Idaho Library Special Collections and Archives Department at libspec@uidaho.edu.",http://rightsstatements.org/vocab/InC-EDU/1.0/,image,https://objects.lib.uidaho.edu/winr/ug83-4-235.jpg,https://objects.lib.uidaho.edu/winr/small/ug83-4-235_sm.jpg,https://objects.lib.uidaho.edu/winr/thumbs/ug83-4-235_th.jpg
winr_049,ug83-4-249.pdf,The First Wave by Molly Stock (WiNR Editor),"Stock, Molly ",1993-07,yes,"Submission to WiNR journal: historical account about the shared experience of the first women to enter Natural Resources fields, including the origin of WiNR journal and the progress made for women's rights.",journals (periodicals);natural resources;conservation organizations;people in agriculture or natural resource occupations;women's studies;women's rights,"Moscow, Idaho",46.729352,-117.012741,UG 83 Women in Natural Resources collection,UG 83-4-249,Image;StillImage,application/pdf,eng,"In Copyright - Educational Use Permitted. For more information, please contact University of Idaho Library Special Collections and Archives Department at libspec@uidaho.edu.",http://rightsstatements.org/vocab/InC-EDU/1.0/,pdf,https://objects.lib.uidaho.edu/winr/ug83-4-249.pdf,https://objects.lib.uidaho.edu/winr/small/ug83-4-249_sm.jpg,https://objects.lib.uidaho.edu/winr/thumbs/ug83-4-249_th.jpg
winr_050,ug83-4-270-1.jpg,Terry McParland (BLM) sitting on a rocky hill investigating mining efforts,"Fox, Jinx",1993-11,yes,"Photograph used to help illustrate an article on mining Bureau of Land Management land, submitted to WiNR by Jinx Fox (BLM)",natural resources;people in agriculture or natural resource occupations;women's studies;mining;conservation organizations;color photographs,"Salt Lake City, Utah",40.765093,-111.903693,UG 83 Women in Natural Resources collection,UG 83-4-270-1,Image;StillImage,image/jpeg,eng,"In Copyright - Educational Use Permitted. For more information, please contact University of Idaho Library Special Collections and Archives Department at libspec@uidaho.edu.",http://rightsstatements.org/vocab/InC-EDU/1.0/,image,https://objects.lib.uidaho.edu/winr/ug83-4-270-1.jpg,https://objects.lib.uidaho.edu/winr/small/ug83-4-270-1_sm.jpg,https://objects.lib.uidaho.edu/winr/thumbs/ug83-4-270-1_th.jpg
winr_051,ug83-4-270-2.jpg,"Terri Knutson (L) and Janice Stadelman (R) (BLM), measuring a dirt road","Fox, Jinx ",1993-11,yes,"Photograph used to help illustrate an article on mining Bureau of Land Management land, submitted to WiNR",natural resources;people in agriculture or natural resource occupations;women's studies;mining;conservation organizations;color photographs,"Salt Lake City, Utah",40.765093,-111.903693,UG 83 Women in Natural Resources collection,UG 83-4-270-2,Image;StillImage,image/jpeg,eng,"In Copyright - Educational Use Permitted. For more information, please contact University of Idaho Library Special Collections and Archives Department at libspec@uidaho.edu.",http://rightsstatements.org/vocab/InC-EDU/1.0/,image,https://objects.lib.uidaho.edu/winr/ug83-4-270-2.jpg,https://objects.lib.uidaho.edu/winr/small/ug83-4-270-2_sm.jpg,https://objects.lib.uidaho.edu/winr/thumbs/ug83-4-270-2_th.jpg
winr_052,ug83-4-277.jpg,"Photograph of the German Shepherd Mistral, who saved Paula Jan Peper's life. ","Peper, Paula Jan ",1994-01,yes,"Photograph of the dog from the article She saved my life [Mistral the German Shepherd] by Paula Jan Peper (USDAFS PSWRS). Paula fell from a horse while trail-riding and was immobilized, after which Mistral ran to get help and found two hikers to rescue her. Mistral became known as the Wonder Dog. ",natural resources;people in agriculture or natural resource occupations;women's studies;conservation organizations;heroines;black-and-white photographs,"Davis, California",38.541569,-121.731442,UG 83 Women in Natural Resources collection,UG 83-4-277,Image;StillImage,image/jpeg,eng,"In Copyright - Educational Use Permitted. For more information, please contact University of Idaho Library Special Collections and Archives Department at libspec@uidaho.edu.",http://rightsstatements.org/vocab/InC-EDU/1.0/,image,https://objects.lib.uidaho.edu/winr/ug83-4-277.jpg,https://objects.lib.uidaho.edu/winr/small/ug83-4-277_sm.jpg,https://objects.lib.uidaho.edu/winr/thumbs/ug83-4-277_th.jpg
winr_053,ug83-4-292.jpg,"Mollie Beattie on an airboat at Arthur R. Marshall, Loxahatchee National Wildlife Refuge, Boynton Beach, FL.","Beattie, Mollie",1994-04,yes,Photograph included to illustrate the interview with Mollie Beattie (Director of USFWS),natural resources;national parks;people in agriculture or natural resource occupations;women's studies;conservation organizations;color photographs,"Boynton Beach, Florida",26.499148,-80.212071,UG 83 Women in Natural Resources collection,UG 83-4-292,Image;StillImage,image/jpeg,eng,"In Copyright - Educational Use Permitted. For more information, please contact University of Idaho Library Special Collections and Archives Department at libspec@uidaho.edu.",http://rightsstatements.org/vocab/InC-EDU/1.0/,image,https://objects.lib.uidaho.edu/winr/ug83-4-292.jpg,https://objects.lib.uidaho.edu/winr/small/ug83-4-292_sm.jpg,https://objects.lib.uidaho.edu/winr/thumbs/ug83-4-292_th.jpg
winr_054,ug83-4-304-1.jpg,"Wenonah Finch Sharpe checking the diameter of an ancient western white pine in Washington State's North Cascades, 1969","Sharpe, Wenonah Finch",1994-06,yes,One of the photographs included to illustrate the interview with Wenonah Finch Sharpe (Natural Resource Writer),natural resources;forestry;people in agriculture or natural resource occupations;women's studies;conservation organizations;black-and-white photographs,"Sedro-Woolley, Washington",48.510773,-122.227527,UG 83 Women in Natural Resources collection,UG 83-4-304-1,Image;StillImage,image/jpeg,eng,"In Copyright - Educational Use Permitted. For more information, please contact University of Idaho Library Special Collections and Archives Department at libspec@uidaho.edu.",http://rightsstatements.org/vocab/InC-EDU/1.0/,image,https://objects.lib.uidaho.edu/winr/ug83-4-304-1.jpg,https://objects.lib.uidaho.edu/winr/small/ug83-4-304-1_sm.jpg,https://objects.lib.uidaho.edu/winr/thumbs/ug83-4-304-1_th.jpg
winr_055,ug83-4-304-2.jpg,"Wenonah Finch Sharpe with western redcedar in Cedar Research Natural Area, Gifford Pinchot National Forest, 1973","Sharpe, Wenonah Finch",1994-06,yes,One of the photographs included to illustrate the interview with Wenonah Finch Sharpe (Natural Resource Writer),natural resources;forestry;people in agriculture or natural resource occupations;women's studies;conservation organizations;black-and-white photographs,"Cougar, Washington",46.111564,-122.018565,UG 83 Women in Natural Resources collection,UG 83-4-304-2,Image;StillImage,image/jpeg,eng,"In Copyright - Educational Use Permitted. For more information, please contact University of Idaho Library Special Collections and Archives Department at libspec@uidaho.edu.",http://rightsstatements.org/vocab/InC-EDU/1.0/,image,https://objects.lib.uidaho.edu/winr/ug83-4-304-2.jpg,https://objects.lib.uidaho.edu/winr/small/ug83-4-304-2_sm.jpg,https://objects.lib.uidaho.edu/winr/thumbs/ug83-4-304-2_th.jpg
winr_056,ug83-4-312.jpg,"Patti Halbert (District Conservationist), working on a sagebursh survey for brush management near Craig, CO","Nostrand, Norma Van ",1993-08,yes,One of the photographs used to illustrate the article Women of the SCS in Colorado by Norma Van Nostrand (District Conservationist),natural resources;rangeland;people in agriculture or natural resource occupations;women's studies;conservation organizations;black-and-white photographs,"Craig, Colorado",40.514271,-107.53176,UG 83 Women in Natural Resources collection,UG 83-4-312,Image;StillImage,image/jpeg,eng,"In Copyright - Educational Use Permitted. For more information, please contact University of Idaho Library Special Collections and Archives Department at libspec@uidaho.edu.",http://rightsstatements.org/vocab/InC-EDU/1.0/,image,https://objects.lib.uidaho.edu/winr/ug83-4-312.jpg,https://objects.lib.uidaho.edu/winr/small/ug83-4-312_sm.jpg,https://objects.lib.uidaho.edu/winr/thumbs/ug83-4-312_th.jpg
winr_057,interview_with_jo_ellen_force.pdf,Interview with Jo Ellen Force by Flori Tulli,"Tulli, Flori ",2022-06,no,"Transcript of Interview with Jo Ellen Force, conducted by Flori Tulli and Dulce Kersting-Lark.",natural resources;forestry;people in agriculture or natural resource occupations;women's studies;women's rights;interviews,"Moscow, Idaho",46.729352,-117.012741,UG 83 Women in Natural Resources collection,Digital Materials: Interview with Jo Ellen Force,Image;StillImage,application/pdf,eng,"In Copyright - Educational Use Permitted. For more information, please contact University of Idaho Library Special Collections and Archives Department at libspec@uidaho.edu.",http://rightsstatements.org/vocab/InC-EDU/1.0/,pdf,https://objects.lib.uidaho.edu/winr/interview_with_jo_ellen_force.pdf,https://objects.lib.uidaho.edu/winr/small/interview_with_jo_ellen_force_sm.jpg,https://objects.lib.uidaho.edu/winr/thumbs/interview_with_jo_ellen_force_th.jpg
winr_058,ug83-1-15-vol-7-no-2.pdf,NASM Has a Jump on Forest Fires For Its New Exhibit,"Shute, Nancy",1985,yes,"Article about Linda Reimers, smokejumper and director of the movie Fireflight.",natural resources;forestry;people in agriculture or natural resource occupations;women's studies;firefighters;articles,"Washington, D.C.",38.926049,-77.073265,UG 83 Women in Natural Resources collection,"UG 83-1-15, Vol. 7 No. 2",Image;StillImage,application/pdf,eng,"In Copyright - Educational Use Permitted. For more information, please contact University of Idaho Library Special Collections and Archives Department at libspec@uidaho.edu.",http://rightsstatements.org/vocab/InC-EDU/1.0/,pdf,https://objects.lib.uidaho.edu/winr/ug83-1-15-vol-7-no-2.pdf,https://objects.lib.uidaho.edu/winr/small/ug83-1-15-vol-7-no-2_sm.jpg,https://objects.lib.uidaho.edu/winr/thumbs/ug83-1-15-vol-7-no-2_th.jpg
winr_059,ug83-1-8-vol-5-no-1.pdf,Women in Forestry Journal Vol. 5 No. 1,The University of Idaho,1983,yes,"Subjects include history of the journal, men's responses to women foresters, forest product, conflict between professional and gender interests, breaking through sexual stereotypes, and archaeology.",journals (periodicals);natural resources;forestry;people in agriculture or natural resource occupations;women's studies;women's rights;national parks;feminism;history ,"Moscow, Idaho",46.729352,-117.012741,UG 83 Women in Natural Resources collection,"UG 83-1-8, Vol. 5 No. 1",Image;StillImage,application/pdf,eng,"In Copyright - Educational Use Permitted. For more information, please contact University of Idaho Library Special Collections and Archives Department at libspec@uidaho.edu.",http://rightsstatements.org/vocab/InC-EDU/1.0/,pdf,https://objects.lib.uidaho.edu/winr/ug83-1-8-vol-5-no-1.pdf,https://objects.lib.uidaho.edu/winr/small/ug83-1-8-vol-5-no-1_sm.jpg,https://objects.lib.uidaho.edu/winr/thumbs/ug83-1-8-vol-5-no-1_th.jpg
winr_060,ug83-1-12-vol-6-no-1.pdf,Women in Forestry Journal Vol. 6 No. 1,The University of Idaho,1983-1984,yes,"Subjects include gender and natural resources, the Federal Women's Program, love at work, California foresters, sexual harassment, vision quest sites, opportunities in National Park Service, and job-sharing.",journals (periodicals);natural resources;forestry;people in agriculture or natural resource occupations;women's studies;women's rights;national parks;feminism;cultural heritage;cultural landscapes,"Moscow, Idaho",46.729352,-117.012741,UG 83 Women in Natural Resources collection,"UG 83-1-12, Vol. 6 No. 1",Image;StillImage,application/pdf,eng,"In Copyright - Educational Use Permitted. For more information, please contact University of Idaho Library Special Collections and Archives Department at libspec@uidaho.edu.",http://rightsstatements.org/vocab/InC-EDU/1.0/,pdf,https://objects.lib.uidaho.edu/winr/ug83-1-12-vol-6-no-1.pdf,https://objects.lib.uidaho.edu/winr/small/ug83-1-12-vol-6-no-1_sm.jpg,https://objects.lib.uidaho.edu/winr/thumbs/ug83-1-12-vol-6-no-1_th.jpg
winr_061,ug83-1-14-vol-6-no-3.pdf,Women in Forestry Journal Vol. 6 No. 3,The University of Idaho,1984,yes,"Subjects include Forest Service, women on the Overland Trails, Appalachian adventure, gender sensitivity in energy, forest perceptions, and women researchers in Africa. ",journals (periodicals);natural resources;forestry;people in agriculture or natural resource occupations;women's studies;women's rights;national parks;feminism;nature trails,"Moscow, Idaho",46.729352,-117.012741,UG 83 Women in Natural Resources collection,"UG 83-1-14, Vol. 6 No. 3",Image;StillImage,application/pdf,eng,"In Copyright - Educational Use Permitted. For more information, please contact University of Idaho Library Special Collections and Archives Department at libspec@uidaho.edu.",http://rightsstatements.org/vocab/InC-EDU/1.0/,pdf,https://objects.lib.uidaho.edu/winr/ug83-1-14-vol-6-no-3.pdf,https://objects.lib.uidaho.edu/winr/small/ug83-1-14-vol-6-no-3_sm.jpg,https://objects.lib.uidaho.edu/winr/thumbs/ug83-1-14-vol-6-no-3_th.jpg
winr_062,ug83-1-19-vol-9-no-1.pdf,Women in Natural Resources Journal Vol. 9 No. 1,The University of Idaho,1987,yes,"Subjects include forest products industry, wilderness issues, camping and sheltered workplaces.",journals (periodicals);natural resources;forestry;people in agriculture or natural resource occupations;women's studies,"Moscow, Idaho",46.729352,-117.012741,UG 83 Women in Natural Resources collection,"UG 83-1-19, Vol. 9 No. 1",Image;StillImage,application/pdf,eng,"In Copyright - Educational Use Permitted. For more information, please contact University of Idaho Library Special Collections and Archives Department at libspec@uidaho.edu.",http://rightsstatements.org/vocab/InC-EDU/1.0/,pdf,https://objects.lib.uidaho.edu/winr/ug83-1-19-vol-9-no-1.pdf,https://objects.lib.uidaho.edu/winr/small/ug83-1-19-vol-9-no-1_sm.jpg,https://objects.lib.uidaho.edu/winr/thumbs/ug83-1-19-vol-9-no-1_th.jpg
winr_063,ug83-1-22-vol-10-no-4.pdf,Women in Natural Resources Journal Vol. 10 No. 4,The University of Idaho,1989,yes,"10th Anniversary Edition, Looking to the Future: expert systems, funds for fisheries, white pelicans, butterfly gardener, gender in communication, and risk recreation for the elderly. Leslie A. C. Weldon, interdisciplinary fisheries biologist with the U.S. Forest Service's Wildlife and Fisheries, is featured on the cover. ",journals (periodicals);natural resources;forestry;fisheries;wildlife;people in agriculture or natural resource occupations;women's studies;gardening;butterflies (general);African American,"Moscow, Idaho",46.729352,-117.012741,UG 83 Women in Natural Resources collection,"UG 83-1-22, Vol. 10 No. 4",Image;StillImage,application/pdf,eng,"In Copyright - Educational Use Permitted. For more information, please contact University of Idaho Library Special Collections and Archives Department at libspec@uidaho.edu.",http://rightsstatements.org/vocab/InC-EDU/1.0/,pdf,https://objects.lib.uidaho.edu/winr/ug83-1-22-vol-10-no-4.pdf,https://objects.lib.uidaho.edu/winr/small/ug83-1-22-vol-10-no-4_sm.jpg,https://objects.lib.uidaho.edu/winr/thumbs/ug83-1-22-vol-10-no-4_th.jpg
winr_064,ug83-1-23-vol-11-no-1.pdf,Women in Natural Resources Journal Vol. 11 No. 1,The University of Idaho,1989,yes,"Fire Edition, Part 1: Who Works on Fire? Fighfighters and support, research, tropical forestry, action plan critique, and recreation for the disabled. ",journals (periodicals);natural resources;forestry;people in agriculture or natural resource occupations;women's studies;fightfighters,"Moscow, Idaho",46.729352,-117.012741,UG 83 Women in Natural Resources collection,"UG 83-1-23, Vol. 11 No. 1",Image;StillImage,application/pdf,eng,"In Copyright - Educational Use Permitted. For more information, please contact University of Idaho Library Special Collections and Archives Department at libspec@uidaho.edu.",http://rightsstatements.org/vocab/InC-EDU/1.0/,pdf,https://objects.lib.uidaho.edu/winr/ug83-1-23-vol-11-no-1.pdf,https://objects.lib.uidaho.edu/winr/small/ug83-1-23-vol-11-no-1_sm.jpg,https://objects.lib.uidaho.edu/winr/thumbs/ug83-1-23-vol-11-no-1_th.jpg
winr_065,ug83-1-24-vol-11-no-3.pdf,Women in Natural Resources Journal Vol. 11 No. 3,The University of Idaho,1990,yes,"Subjects include wilderness, Sierra Club, leaders in conservation, cultural diversity, timber companies, grass farming, and updates on women in forestry. ",journals (periodicals);natural resources;forestry;people in agriculture or natural resource occupations;women's studies;women's rights;national parks;conservation organizations;diversity;logging;farming (activity or system),"Moscow, Idaho",46.729352,-117.012741,UG 83 Women in Natural Resources collection,"UG 83-1-24, Vol. 11 No. 3",Image;StillImage,application/pdf,eng,"In Copyright - Educational Use Permitted. For more information, please contact University of Idaho Library Special Collections and Archives Department at libspec@uidaho.edu.",http://rightsstatements.org/vocab/InC-EDU/1.0/,pdf,https://objects.lib.uidaho.edu/winr/ug83-1-24-vol-11-no-3.pdf,https://objects.lib.uidaho.edu/winr/small/ug83-1-24-vol-11-no-3_sm.jpg,https://objects.lib.uidaho.edu/winr/thumbs/ug83-1-24-vol-11-no-3_th.jpg
winr_066,ug83-1-25-vol-12-no-1.pdf,Women in Natural Resources Journal Vol. 12 No. 1,The University of Idaho,1990,yes,"Law Enforcement Edition: Forest Service, Park Service philosophies, BLM's Desert Rangers, Corps of Engineers, tough judges, landscape architects, land advocates, sheepherding, and pesticides. ",journals (periodicals);natural resources;forestry;people in agriculture or natural resource occupations;women's studies;women's rights;national parks;conservation organizations;farming (activity or system);rangeland;environmental engineering;conservation concepts;environmental policy;pesticide,"Moscow, Idaho",46.729352,-117.012741,UG 83 Women in Natural Resources collection,"UG 83-1-25, Vol. 12 No. 1",Image;StillImage,application/pdf,eng,"In Copyright - Educational Use Permitted. For more information, please contact University of Idaho Library Special Collections and Archives Department at libspec@uidaho.edu.",http://rightsstatements.org/vocab/InC-EDU/1.0/,pdf,https://objects.lib.uidaho.edu/winr/ug83-1-25-vol-12-no-1.pdf,https://objects.lib.uidaho.edu/winr/small/ug83-1-25-vol-12-no-1_sm.jpg,https://objects.lib.uidaho.edu/winr/thumbs/ug83-1-25-vol-12-no-1_th.jpg
winr_067,ug83-1-27-vol-12-no-3.pdf,Women in Natural Resources Journal Vol. 12 No. 3,The University of Idaho,1991,yes,"Urban Forestry Edition: inventories, parks and gardens, cities, consulting, cooperation, changing air quality, and interview with Barbara Allen-Diaz.",journals (periodicals);natural resources;forestry;people in agriculture or natural resource occupations;women's studies;national parks;conservation organizations;farming (activity or system);environmental policy;air pollution;gardening;interviews,"Moscow, Idaho",46.729352,-117.012741,UG 83 Women in Natural Resources collection,"UG 83-1-27, Vol. 12 No. 3",Image;StillImage,application/pdf,eng,"In Copyright - Educational Use Permitted. For more information, please contact University of Idaho Library Special Collections and Archives Department at libspec@uidaho.edu.",http://rightsstatements.org/vocab/InC-EDU/1.0/,pdf,https://objects.lib.uidaho.edu/winr/ug83-1-27-vol-12-no-3.pdf,https://objects.lib.uidaho.edu/winr/small/ug83-1-27-vol-12-no-3_sm.jpg,https://objects.lib.uidaho.edu/winr/thumbs/ug83-1-27-vol-12-no-3_th.jpg
winr_068,ug83-1-28-vol-13-no-2.pdf,Women in Natural Resources Journal Vol. 13 No. 2,The University of Idaho,1991,yes,"Threatened and Endangered Species Edition: Florida panthers, cockaded woodpeckers, Northern Californian bald eagles, Forest Service's T & E Program, Madame Butterfly, and interview with Barbara Weber.",journals (periodicals);natural resources;forestry;people in agriculture or natural resource occupations;women's studies;conservation organizations;conservation concepts;wildlife;gardening;interviews,"Moscow, Idaho",46.729352,-117.012741,UG 83 Women in Natural Resources collection,"UG 83-1-28, Vol. 13 No. 2",Image;StillImage,application/pdf,eng,"In Copyright - Educational Use Permitted. For more information, please contact University of Idaho Library Special Collections and Archives Department at libspec@uidaho.edu.",http://rightsstatements.org/vocab/InC-EDU/1.0/,pdf,https://objects.lib.uidaho.edu/winr/ug83-1-28-vol-13-no-2.pdf,https://objects.lib.uidaho.edu/winr/small/ug83-1-28-vol-13-no-2_sm.jpg,https://objects.lib.uidaho.edu/winr/thumbs/ug83-1-28-vol-13-no-2_th.jpg
winr_069,ug83-1-29-vol-13-no-3.pdf,Women in Natural Resources Journal Vol. 13 No. 3,The University of Idaho,1992,yes,"Subjects include allelopathy, education, range management, Chile and the Peace Corps, and isomorphism. ",journals (periodicals);natural resources;forestry;people in agriculture or natural resource occupations;women's studies;education;rangeland,"Moscow, Idaho",46.729352,-117.012741,UG 83 Women in Natural Resources collection,"UG 83-1-29, Vol. 13 No. 3",Image;StillImage,application/pdf,eng,"In Copyright - Educational Use Permitted. For more information, please contact University of Idaho Library Special Collections and Archives Department at libspec@uidaho.edu.",http://rightsstatements.org/vocab/InC-EDU/1.0/,pdf,https://objects.lib.uidaho.edu/winr/ug83-1-29-vol-13-no-3.pdf,https://objects.lib.uidaho.edu/winr/small/ug83-1-29-vol-13-no-3_sm.jpg,https://objects.lib.uidaho.edu/winr/thumbs/ug83-1-29-vol-13-no-3_th.jpg
winr_070,ug83-1-30-vol-14-no-1.pdf,Women in Natural Resources Journal Vol. 14 No. 1,The University of Idaho,1992,yes,"Soil Conservation Service Edition: interview with Elesa Cottrell, SCS middle managers, women's history, water quality, and senior executive service.",journals (periodicals);natural resources;forestry;people in agriculture or natural resource occupations;women's studies;women's rights;conservation organizations;conservation concepts;watersheds (drainage divides);interviews,"Moscow, Idaho",46.729352,-117.012741,UG 83 Women in Natural Resources collection,"UG 83-1-30, Vol. 14 No. 1",Image;StillImage,application/pdf,eng,"In Copyright - Educational Use Permitted. For more information, please contact University of Idaho Library Special Collections and Archives Department at libspec@uidaho.edu.",http://rightsstatements.org/vocab/InC-EDU/1.0/,pdf,https://objects.lib.uidaho.edu/winr/ug83-1-30-vol-14-no-1.pdf,https://objects.lib.uidaho.edu/winr/small/ug83-1-30-vol-14-no-1_sm.jpg,https://objects.lib.uidaho.edu/winr/thumbs/ug83-1-30-vol-14-no-1_th.jpg
winr_071,ug83-1-30-vol-14-no-2.pdf,Women in Natural Resources Journal Vol. 14 No. 2,The University of Idaho,1992,yes,"Subjects include interview with Kathy Johnson, substinence in Alaska, pandas, and agroforestry.",journals (periodicals);natural resources;forestry;people in agriculture or natural resource occupations;women's studies;farming (activity or system);wildlife;interviews,"Moscow, Idaho",46.729352,-117.012741,UG 83 Women in Natural Resources collection,"UG 83-1-30, Vol. 14 No. 2",Image;StillImage,application/pdf,eng,"In Copyright - Educational Use Permitted. For more information, please contact University of Idaho Library Special Collections and Archives Department at libspec@uidaho.edu.",http://rightsstatements.org/vocab/InC-EDU/1.0/,pdf,https://objects.lib.uidaho.edu/winr/ug83-1-30-vol-14-no-2.pdf,https://objects.lib.uidaho.edu/winr/small/ug83-1-30-vol-14-no-2_sm.jpg,https://objects.lib.uidaho.edu/winr/thumbs/ug83-1-30-vol-14-no-2_th.jpg
winr_072,ug83-1-31-vol-14-no-3.pdf,Women in Natural Resources Journal Vol. 14 No. 3,The University of Idaho,1993,yes,"National Park Service Edition: interview with Marie Rust, historical sites, women superintendents, and NPS women.",journals (periodicals);natural resources;forestry;people in agriculture or natural resource occupations;women's studies;conservation organizations;cultural landscapes;cultural heritage;interviews,"Moscow, Idaho",46.729352,-117.012741,UG 83 Women in Natural Resources collection,"UG 83-1-31, Vol. 14 No. 3",Image;StillImage,application/pdf,eng,"In Copyright - Educational Use Permitted. For more information, please contact University of Idaho Library Special Collections and Archives Department at libspec@uidaho.edu.",http://rightsstatements.org/vocab/InC-EDU/1.0/,pdf,https://objects.lib.uidaho.edu/winr/ug83-1-31-vol-14-no-3.pdf,https://objects.lib.uidaho.edu/winr/small/ug83-1-31-vol-14-no-3_sm.jpg,https://objects.lib.uidaho.edu/winr/thumbs/ug83-1-31-vol-14-no-3_th.jpg
winr_073,ug83-1-31-vol-14-no-4.pdf,Women in Natural Resources Journal Vol. 14 No. 4,The University of Idaho,1993,yes,"Subjects include interview with Jane Difley, agency vs. contractor, protecting rivers, and gender. ",journals (periodicals);natural resources;forestry;people in agriculture or natural resource occupations;women's studies;conservation organizations;conservation concepts;watersheds (drainage divides);cultural landscapes;cultural heritage;interviews,"Moscow, Idaho",46.729352,-117.012741,UG 83 Women in Natural Resources collection,"UG 83-1-31, Vol. 14 No. 4",Image;StillImage,application/pdf,eng,"In Copyright - Educational Use Permitted. For more information, please contact University of Idaho Library Special Collections and Archives Department at libspec@uidaho.edu.",http://rightsstatements.org/vocab/InC-EDU/1.0/,pdf,https://objects.lib.uidaho.edu/winr/ug83-1-31-vol-14-no-4.pdf,https://objects.lib.uidaho.edu/winr/small/ug83-1-31-vol-14-no-4_sm.jpg,https://objects.lib.uidaho.edu/winr/thumbs/ug83-1-31-vol-14-no-4_th.jpg
winr_074,ug83-1-35-vol-16-no-3.pdf,Women in Natural Resources Journal Vol. 16 No. 3,The University of Idaho,1995,yes,"Subjects include interview with Adela Backiel, NRCS, Sonoma Baylands Collaboration, Wildlife Habitat Enhancement Council, women & farming, and Forest Service pilot. ",journals (periodicals);natural resources;forestry;people in agriculture or natural resource occupations;women's studies;conservation organizations;conservation concepts;watersheds (drainage divides);farming (activity and system);interviews,"Moscow, Idaho",46.729352,-117.012741,UG 83 Women in Natural Resources collection,"UG 83-1-35, Vol. 16 No. 3",Image;StillImage,application/pdf,eng,"In Copyright - Educational Use Permitted. For more information, please contact University of Idaho Library Special Collections and Archives Department at libspec@uidaho.edu.",http://rightsstatements.org/vocab/InC-EDU/1.0/,pdf,https://objects.lib.uidaho.edu/winr/ug83-1-35-vol-16-no-3.pdf,https://objects.lib.uidaho.edu/winr/small/ug83-1-35-vol-16-no-3_sm.jpg,https://objects.lib.uidaho.edu/winr/thumbs/ug83-1-35-vol-16-no-3_th.jpg
winr_075,ug83-1-42-vol-19-no-1.pdf,Women in Natural Resources Journal Vol. 19 No. 1,The University of Idaho,1997,yes,"Subjects include Becoming and Outdoors Woman Program, Finland's landscape, African Americans in education, stakeholder negotiations, duck nesting study, and mastering swearing. ",journals (periodicals);natural resources;forestry;people in agriculture or natural resource occupations;women's studies;conservation organizations;conservation concepts;watersheds (drainage divides);African American;international;women's rights;wildlife;wild animal parks;national parks;cultural landscapes;cultural heritage;cultural property,"Moscow, Idaho",46.729352,-117.012741,UG 83 Women in Natural Resources collection,"UG 83-1-42, Vol. 19 No. 1",Image;StillImage,application/pdf,eng,"In Copyright - Educational Use Permitted. For more information, please contact University of Idaho Library Special Collections and Archives Department at libspec@uidaho.edu.",http://rightsstatements.org/vocab/InC-EDU/1.0/,pdf,https://objects.lib.uidaho.edu/winr/ug83-1-42-vol-19-no-1.pdf,https://objects.lib.uidaho.edu/winr/small/ug83-1-42-vol-19-no-1_sm.jpg,https://objects.lib.uidaho.edu/winr/thumbs/ug83-1-42-vol-19-no-1_th.jpg
winr_076,ug83-1-44-vol-20-no-2.pdf,Women in Natural Resources Journal Vol. 20 No. 2,The University of Idaho,1999,yes,"Subjects include interview with Ellie Towns (Regional Forester), New Zealand volcanoes, lahars, skifield, timber sales, bio-trade, invasise species (European green crab), and Madagascar women's projects and the environment. ",journals (periodicals);natural resources;forestry;people in agriculture or natural resource occupations;women's studies;conservation organizations;conservation concepts;watersheds (drainage divides);African American;international;wildlife;international;cultural landscapes;cultural heritage;cultural property;logging;environmental policy;interviews,"Moscow, Idaho",46.729352,-117.012741,UG 83 Women in Natural Resources collection,"UG 83-1-44, Vol. 20 No. 2",Image;StillImage,application/pdf,eng,"In Copyright - Educational Use Permitted. For more information, please contact University of Idaho Library Special Collections and Archives Department at libspec@uidaho.edu.",http://rightsstatements.org/vocab/InC-EDU/1.0/,pdf,https://objects.lib.uidaho.edu/winr/ug83-1-44-vol-20-no-2.pdf,https://objects.lib.uidaho.edu/winr/small/ug83-1-44-vol-20-no-2_sm.jpg,https://objects.lib.uidaho.edu/winr/thumbs/ug83-1-44-vol-20-no-2_th.jpg
winr_077,ug83-1-45-vol-20-no-3.pdf,Women in Natural Resources Journal Vol. 20 No. 3,The University of Idaho,1999,yes,"Subjects include interview with Jacqueline Lowey (NPS Deputy Director), North America's newest forestry program, campus climate for women, mistrels for the environment, international research, women's roles in agriculture, and departments. ",journals (periodicals);natural resources;forestry;people in agriculture or natural resource occupations;women's studies;conservation organizations;conservation concepts;international;farming (activity and system);archaeology/ists;interviews,"Moscow, Idaho",46.729352,-117.012741,UG 83 Women in Natural Resources collection,"UG 83-1-45, Vol. 20 No. 3",Image;StillImage,application/pdf,eng,"In Copyright - Educational Use Permitted. For more information, please contact University of Idaho Library Special Collections and Archives Department at libspec@uidaho.edu.",http://rightsstatements.org/vocab/InC-EDU/1.0/,pdf,https://objects.lib.uidaho.edu/winr/ug83-1-45-vol-20-no-3.pdf,https://objects.lib.uidaho.edu/winr/small/ug83-1-45-vol-20-no-3_sm.jpg,https://objects.lib.uidaho.edu/winr/thumbs/ug83-1-45-vol-20-no-3_th.jpg
winr_078,ug83-1-45-vol-20-no-4.pdf,Women in Natural Resources Journal Vol. 20 No. 4,The University of Idaho,1999,yes,"Subjects include interview with Dixie Ehrenreich, air quality, wood products, campus climate for women part II, inmates and the Forest Service, eels in Portugal, aspen, and Departments: World Trade Organization.",journals (periodicals);natural resources;forestry;people in agriculture or natural resource occupations;women's studies;conservation organizations;conservation concepts;international;air pollution;wildlife;women's rights;logging;inmates;open prisons;prisons (institutions);interviews,"Moscow, Idaho",46.729352,-117.012741,UG 83 Women in Natural Resources collection,"UG 83-1-45, Vol. 20 No. 4",Image;StillImage,application/pdf,eng,"In Copyright - Educational Use Permitted. For more information, please contact University of Idaho Library Special Collections and Archives Department at libspec@uidaho.edu.",http://rightsstatements.org/vocab/InC-EDU/1.0/,pdf,https://objects.lib.uidaho.edu/winr/ug83-1-45-vol-20-no-4.pdf,https://objects.lib.uidaho.edu/winr/small/ug83-1-45-vol-20-no-4_sm.jpg,https://objects.lib.uidaho.edu/winr/thumbs/ug83-1-45-vol-20-no-4_th.jpg
winr_079,ug83-1-47-vol-21-no-3.pdf,Women in Natural Resources Journal Vol. 21 No. 3,The University of Idaho,2000,yes,"Subjects include interview with Hilda Diaz-Soltero (Associate Chief of Natural Resources USFS), diversity, effects of insecticide on fish, women's rights, global warming, and environmental heros.",journals (periodicals);natural resources;forestry;people in agriculture or natural resource occupations;women's studies;conservation organizations;conservation concepts;international;air pollution;wildlife;women's rights;global warming;climate change;watersheds (drainage divides);diversity;insecticide;interviews,"Moscow, Idaho",46.729352,-117.012741,UG 83 Women in Natural Resources collection,"UG 83-1-47, Vol. 21 No. 3",Image;StillImage,application/pdf,eng,"In Copyright - Educational Use Permitted. For more information, please contact University of Idaho Library Special Collections and Archives Department at libspec@uidaho.edu.",http://rightsstatements.org/vocab/InC-EDU/1.0/,pdf,https://objects.lib.uidaho.edu/winr/ug83-1-47-vol-21-no-3.pdf,https://objects.lib.uidaho.edu/winr/small/ug83-1-47-vol-21-no-3_sm.jpg,https://objects.lib.uidaho.edu/winr/thumbs/ug83-1-47-vol-21-no-3_th.jpg
winr_080,ug83-1-24-vol-11-no-4.pdf,Women in Natural Resources Journal Vol. 11 No. 4,The University of Idaho,1990,yes,"Cover photo of journal (the journal itself can be located in archives). BLM Part I: interview with Denise Meridith, range work, professionals in Alaska, Colorado Cultural Resources, career tracks, and sub-surface considerations. ",journals (periodicals);color photographs;natural resources;forestry;people in agriculture or natural resource occupations;women's studies;conservation organizations;conservation concepts;rangeland;African American;national parks;cultural landscapes;cultural heritage,"Moscow, Idaho",46.729352,-117.012741,UG 83 Women in Natural Resources collection,"UG 83-1-24, Vol. 11 No. 4",Image;StillImage,application/pdf,eng,"In Copyright - Educational Use Permitted. For more information, please contact University of Idaho Library Special Collections and Archives Department at libspec@uidaho.edu.",http://rightsstatements.org/vocab/InC-EDU/1.0/,pdf,https://objects.lib.uidaho.edu/winr/ug83-1-24-vol-11-no-4.pdf,https://objects.lib.uidaho.edu/winr/small/ug83-1-24-vol-11-no-4_sm.jpg,https://objects.lib.uidaho.edu/winr/thumbs/ug83-1-24-vol-11-no-4_th.jpg
winr_081,ug83-1-55-vol-24-no-3.pdf,Women in Natural Resources Journal Vol. 24 No. 3,The University of Idaho,2003-2004,yes,"Subjects include WiNR's editors and columnists, equality issues of disasters, and the evolution of U.S. water policy.",journals (periodicals);natural resources;forestry;people in agriculture or natural resource occupations;women's studies;conservation organizations;conservation concepts;women's rights;disasters;environmental policy;watersheds (drainage divides);diversity,"Moscow, Idaho",46.729352,-117.012741,UG 83 Women in Natural Resources collection,"UG 83-1-55, Vol. 24 No. 3",Image;StillImage,application/pdf,eng,"In Copyright - Educational Use Permitted. For more information, please contact University of Idaho Library Special Collections and Archives Department at libspec@uidaho.edu.",http://rightsstatements.org/vocab/InC-EDU/1.0/,pdf,https://objects.lib.uidaho.edu/winr/ug83-1-55-vol-24-no-3.pdf,https://objects.lib.uidaho.edu/winr/small/ug83-1-55-vol-24-no-3_sm.jpg,https://objects.lib.uidaho.edu/winr/thumbs/ug83-1-55-vol-24-no-3_th.jpg
winr_082,ug83-1-49-vol-22-no-1.pdf,Women in Natural Resources Journal Vol. 22 No. 1,The University of Idaho,2001,yes,"Subjects include crime and terrorism on public wildlands, Forest Service at risk, ecotourism, interview with Eleanor Smeal of the feminist majority, volunteer programs in Minnesota, backpacking, and research in Alaska and Botswana. ",journals (periodicals);natural resources;forestry;people in agriculture or natural resource occupations;women's studies;conservation organizations;conservation concepts;women's rights;feminism;terrorism;ecotourism;environmental policy;volunteers/eering;international;interviews;national parks,"Moscow, Idaho",46.729352,-117.012741,UG 83 Women in Natural Resources collection,"UG 83-1-49, Vol. 22 No. 1",Image;StillImage,application/pdf,eng,"In Copyright - Educational Use Permitted. For more information, please contact University of Idaho Library Special Collections and Archives Department at libspec@uidaho.edu.",http://rightsstatements.org/vocab/InC-EDU/1.0/,pdf,https://objects.lib.uidaho.edu/winr/ug83-1-49-vol-22-no-1.pdf,https://objects.lib.uidaho.edu/winr/small/ug83-1-49-vol-22-no-1_sm.jpg,https://objects.lib.uidaho.edu/winr/thumbs/ug83-1-49-vol-22-no-1_th.jpg
winr_083,interview_with_lauren_fins.pdf,Interview with Lauren Fins by Flori Tulli,"Tulli, Flori ",2022-07,no,"Transcript of Interview with Lauren Fins, conducted by Flori Tulli.",natural resources;forestry;people in agriculture or natural resource occupations;women's studies;interviews,"Moscow, Idaho",46.729352,-117.012741,UG 83 Women in Natural Resources collection,Digital Materials: Interview with Lauren Fins,Image;StillImage,application/pdf,eng,"In Copyright - Educational Use Permitted. For more information, please contact University of Idaho Library Special Collections and Archives Department at libspec@uidaho.edu.",http://rightsstatements.org/vocab/InC-EDU/1.0/,pdf,https://objects.lib.uidaho.edu/winr/interview_with_lauren_fins.pdf,https://objects.lib.uidaho.edu/winr/small/interview_with_lauren_fins_sm.jpg,https://objects.lib.uidaho.edu/winr/thumbs/interview_with_lauren_fins_th.jpg