objectid,title,title_alt,date,creator,description,site,period_of_record,frequency,source,type,format,rights,rightsstatement,original_url,filename,display_template,object_location,image_small,image_thumb
ng_pub_001,Long-Term Simulated Atmospheric Nitrogen Deposition Alters Leaf and Fine Root Decomposition,,2017,"Xia, M., A. F. Talhelm, and K. S. Pregitzer",,,,,"Ecosystems, 21 (2018). https://doi.org/10.1007/s10021-017-0130-3",Text,application/pdf,,,https://webpages.uidaho.edu/nitrogen-gradient/Publications/Xia 2017a.pdf,xia_2017a.pdf,pdf,https://objects.lib.uidaho.edu/nitrogen-gradient/xia_2017a.pdf,,
ng_pub_002,Chronic nitrogen deposition influences the chemical dynamics of leaf litter and fine roots during decomposition,,2017,"Xia, M., A. F. Talhelm, and K. S. Pregitzer",,,,,Soil Biology and Biochemistry 112: 24-34,Text,application/pdf,,,https://webpages.uidaho.edu/nitrogen-gradient/Publications/Xia 2017b.pdf,xia_2017b.pdf,pdf,https://objects.lib.uidaho.edu/nitrogen-gradient/xia_2017b.pdf,,
ng_pub_003,Anthropogenic N deposition increases soil organic matter accumulation without altering its biochemical composition,,2017,"Zak, D.R., Z.B. Freedman, R.A. Upchurch, M. Steffens, and I. Kögel-Knabner",,,,,Global Change Biology 23: 933-944,Text,application/pdf,,,https://webpages.uidaho.edu/nitrogen-gradient/Publications/Zak 2017.pdf,zak_2017.pdf,pdf,https://objects.lib.uidaho.edu/nitrogen-gradient/zak_2017.pdf,,
ng_pub_004,Anthropogenic N deposition slows decay by favoring bacterial metabolism: Insights from metagenomic analyses,,2016,"Freedman, Z.B., R.A. Upchurch, D.R. Zak, and L.C. Cline",,,,,Frontiers in Microbiology 7: 259,Text,application/pdf,,,https://webpages.uidaho.edu/nitrogen-gradient/Publications/Freedman_2016_a.pdf,freedman_2016_a.pdf,pdf,https://objects.lib.uidaho.edu/nitrogen-gradient/freedman_2016_a.pdf,,
ng_pub_005,Microbial potential for ecosystem N loss is increased by experimental N deposition,,2016,"Freedman, Z.B., R.A. Upchurch, and D.R. Zak",,,,,PloS one 11: e0164531,Text,application/pdf,,,https://webpages.uidaho.edu/nitrogen-gradient/Publications/Freedman_2016_b.pdf,freedman_2016_b.pdf,pdf,https://objects.lib.uidaho.edu/nitrogen-gradient/freedman_2016_b.pdf,,
ng_pub_006,Chronic nitrogen deposition alters tree allometric relationships: implications for biomass production and carbon storage,,2016,"Ibáñez, I., D.R. Zak, A.J. Burton, and K.S. Pregitzer",,,,,Ecological Applications 26: 913 -925,Text,application/pdf,,,https://webpages.uidaho.edu/nitrogen-gradient/Publications/Ibanez 2016.pdf,ibanez_2016.pdf,pdf,https://objects.lib.uidaho.edu/nitrogen-gradient/ibanez_2016.pdf,,
ng_pub_007,Key ecological responses to nitrogen are altered by climate change,,2016,"Greaver, T.L., C.M. Clark, J.E. Compton, D. Vallano, A.F. Talhelm, C.P. Weaver, L.E. Band, J.S. Baron, E.A. Davidson, C.L. Tague, and E. Felker-Quinn",,,,,Nature Climate Change 6: 836-843,Text,application/pdf,,,https://webpages.uidaho.edu/nitrogen-gradient/Publications/Greaver 2016.pdf,greaver_2016.pdf,pdf,https://objects.lib.uidaho.edu/nitrogen-gradient/greaver_2016.pdf,,
ng_pub_008,Differential responses of total and active soil microbial communities to long-term experimental N deposition,,2015,"Freedman, Z.B., K.J. Romanowicz, R.A. Upchurch, and D.R. Zak",,,,,Soil Biology and Biochemistry 90: 275-282,Text,application/pdf,,,https://webpages.uidaho.edu/nitrogen-gradient/Publications/Freedman_2015.pdf,freedman_2015.pdf,pdf,https://objects.lib.uidaho.edu/nitrogen-gradient/freedman_2015.pdf,,
ng_pub_009,Fine roots are the dominant source of recalcitrant plant litter in sugar maple-dominated northern hardwood forests,,2015,"Mengxue Xia, Alan F. Talhelm and Kurt S. Pregitzer",,,,,"Michigan Nitrogen Deposition Gradient Study, University of Idaho",Text,application/pdf,,,https://webpages.uidaho.edu/nitrogen-gradient/Publications/Xia_et_al-2015-New_Phytologist.pdf,xia_et_al-2015-new_phytologist.pdf,pdf,https://objects.lib.uidaho.edu/nitrogen-gradient/xia_et_al-2015-new_phytologist.pdf,,
ng_pub_010,Redefining fine roots improves understanding of below-ground contributions to terrestrial biosphere processes,,2015,"M. Luke McCormack, Ian A. Dickie, David M. Eissenstat, Timothy J. Fahey, Christopher W. Fernandez, Dali Guo, Helj€a-Sisko Helmisaari, Erik A. Hobbie, Colleen M. Iversen, Robert B. Jackson, Jaana Leppalammi-Kujansuu, Richard J. Norby, Richard P. Phillips, Kurt S. Pregitzer, Seth G. Pritchard, Boris Rewald and Marcin Zadworny",,,,,"Michigan Nitrogen Deposition Gradient Study, University of Idaho",Text,application/pdf,,,https://webpages.uidaho.edu/nitrogen-gradient/Publications/McCormack_et_al-2015-New_Phytologist.pdf,mccormack_et_al-2015-new_phytologist.pdf,pdf,https://objects.lib.uidaho.edu/nitrogen-gradient/mccormack_et_al-2015-new_phytologist.pdf,,
ng_pub_011,Fine roots are the dominant source of recalcitrant plant litter in sugar maple-dominated northern hardwood forests,,2015,"Xia, M., A.F. Talhelm, and K.S. Pregitzer",,,,,"Michigan Nitrogen Deposition Gradient Study, University of Idaho",Text,application/pdf,,,https://webpages.uidaho.edu/nitrogen-gradient/Publications/Xia-et-al-2015-Gradient-litter-chem.pdf,xia-et-al-2015-gradient-litter-chem.pdf,pdf,https://objects.lib.uidaho.edu/nitrogen-gradient/xia-et-al-2015-gradient-litter-chem.pdf,,
ng_pub_012,"Atmospheric N Deposition Alters Connectance, but not Functional Potential Among Saprotrophic Bacterial Communities",,2015,"Freedman, Z., and D.R. Zak",,,,,"Michigan Nitrogen Deposition Gradient Study, University of Idaho",Text,application/pdf,,,https://webpages.uidaho.edu/nitrogen-gradient/Publications/Freedman_2015_Mol_Ecol_Accepted.pdf,freedman_2015_mol_ecol_accepted.pdf,pdf,https://objects.lib.uidaho.edu/nitrogen-gradient/freedman_2015_mol_ecol_accepted.pdf,,
ng_pub_013,Forest floor community metatranscriptomes identify fungal and bacterial responses to N deposition in two maple forests,,2015,"Hesse, C.N., R.C. Mueller, M. Vuyisich, L.V. Gallegos-Graves, C.D. Gleasner, D.R. Zak, and C. R. Kuske",,,,,"Michigan Nitrogen Deposition Gradient Study, University of Idaho",Text,application/pdf,,,https://webpages.uidaho.edu/nitrogen-gradient/Publications/Hesse_Frontiers_2015.pdf,hesse_frontiers_2015.pdf,pdf,https://objects.lib.uidaho.edu/nitrogen-gradient/hesse_frontiers_2015.pdf,,
ng_pub_014,Soil Bacterial Communities are Shaped by Temporal and Environmental Filtering: Evidence from a Long‐Term Chronosequence,,2015,"Freedman, Z., and D.R. Zak",,,,,"Michigan Nitrogen Deposition Gradient Study, University of Idaho",Text,application/pdf,,,https://webpages.uidaho.edu/nitrogen-gradient/Publications/Freedman_EnvMicro_2015.pdf,freedman_envmicro_2015.pdf,pdf,https://objects.lib.uidaho.edu/nitrogen-gradient/freedman_envmicro_2015.pdf,,
ng_pub_015,Atmospheric N Deposition Increases Bacterial Laccase-Like Multicopper Oxidases: Implications for Organic Matter Decay,,2014,"Freedman, Z., and D.R. Zak",,,,,"Michigan Nitrogen Deposition Gradient Study, University of Idaho",Text,application/pdf,,,https://webpages.uidaho.edu/nitrogen-gradient/Publications/Freedman_2014_AEM.pdf,freedman_2014_aem.pdf,pdf,https://objects.lib.uidaho.edu/nitrogen-gradient/freedman_2014_aem.pdf,,
ng_pub_016,Trophic stability of soil oribatid mites in the face of environmental change,,2014,"Gan, H., D.R. Zak, and M.D. Hunter",,,,,Soil Biology and Biochemistry 68: 71-77,Text,application/pdf,,,https://webpages.uidaho.edu/nitrogen-gradient/Publications/Gan_2014.pdf,gan_2014.pdf,pdf,https://objects.lib.uidaho.edu/nitrogen-gradient/gan_2014.pdf,,
ng_pub_017,Ecosystem Succession and Nutrient Retention: Vitousek and Reiners' Hypothesis,,2014,"Zak, D.R.",,,,,"Michigan Nitrogen Deposition Gradient Study, University of Idaho",Text,application/pdf,,,https://webpages.uidaho.edu/nitrogen-gradient/Publications/Zak_2014_Bulletin.pdf,zak_2014_bulletin.pdf,pdf,https://objects.lib.uidaho.edu/nitrogen-gradient/zak_2014_bulletin.pdf,,
ng_pub_018,Long-term experimental nitrogen deposition alters the composition of the active fungal community in the forest floor,,2013,"Entwistle, E.M., D.R. Zak, and I.P. Edwards",,,,,Soil Science Society of America Journal 77: 1648-1658,Text,application/pdf,,,https://webpages.uidaho.edu/nitrogen-gradient/Publications/Entwistle_2013.pdf,entwistle_2013.pdf,pdf,https://objects.lib.uidaho.edu/nitrogen-gradient/entwistle_2013.pdf,,
ng_pub_019,Towards a molecular understanding of N cycling in northern hardwood forests under future rates of N deposition,,2013,"Freedman, Z., S.D. Eisenlord, D.R. Zak, K. Xue, Z. He, and J. Zhou",,,,,"Michigan Nitrogen Deposition Gradient Study, University of Idaho",Text,application/pdf,,,https://webpages.uidaho.edu/nitrogen-gradient/Publications/Freedman et al 2013 Gradient molecular N cycling.pdf,freedman_et_al_2013_gradient_molecular_n_cycling.pdf,pdf,https://objects.lib.uidaho.edu/nitrogen-gradient/freedman_et_al_2013_gradient_molecular_n_cycling.pdf,,
ng_pub_020,Chronic nitrogen deposition and the composition of active arbuscularmycorrhizal fungi,,2013,"van Diepen, L.T.A., E.M. Entwistle, and D.R. Zak",,,,,"Michigan Nitrogen Deposition Gradient Study, University of Idaho",Text,application/pdf,,,https://webpages.uidaho.edu/nitrogen-gradient/Publications/van Diepen et al 2013 Gradient AM cmty comp.pdf,van_diepen_et_al_2013_gradient_am_cmty_comp.pdf,pdf,https://objects.lib.uidaho.edu/nitrogen-gradient/van_diepen_et_al_2013_gradient_am_cmty_comp.pdf,,
ng_pub_021,Chronic nitrogen deposition alters the structure and function of detrital food webs in a northern hardwood ecosystem,,2013,"Gan, H., D.R. Zak, and M.D. Hunter",,,,,"Michigan Nitrogen Deposition Gradient Study, University of Idaho",Text,application/pdf,,,https://webpages.uidaho.edu/nitrogen-gradient/Publications/Gan et al 2013 Gradient soil foodwebs.pdf,gan_et_al_2013_gradient_soil_foodwebs.pdf,pdf,https://objects.lib.uidaho.edu/nitrogen-gradient/gan_et_al_2013_gradient_soil_foodwebs.pdf,,
ng_pub_022,Chronic nitrogen deposition reduces the abundance of dominant forest understory and groundcover species,,2013,"Talhelm, A.F., A.J. Burton, K.S. Pregitzer, and M.A. Campione",,,,,"Michigan Nitrogen Deposition Gradient Study, University of Idaho",Text,,,,,,record,http://www.sciencedirect.com/science/article/pii/S0378112712007438,,
ng_pub_023,Microbial mechanisms mediating increased soil C storage under elevated atmospheric N deposition,,2013,"Eisenlord, S.D., Z. Freedman, D.R. Zak, K. Xue, Z. He, and J. Zhou",,,,,"Michigan Nitrogen Deposition Gradient Study, University of Idaho",Text,,,,,,record,http://aem.asm.org/content/early/2012/12/04/AEM.03156-12.abstract,,
ng_pub_024,Nitrogen saturation,,2012,"Pregitzer, K.S., and A.F. Talhelm",,,,,"Berkshire Encyclopedia of Sustainability, Volume 5",Text,,,,,,record,,,
ng_pub_025,Sinks for nitrogen inputs in terrestrial ecosystems: a meta-analysis of 15N tracer field studies,,2012,"Templer, P.H., et al.",,,,,"Michigan Nitrogen Deposition Gradient Study, University of Idaho",Text,application/pdf,,,https://webpages.uidaho.edu/nitrogen-gradient/Publications/Templer et al 2012 15N tracer meta analaysis.pdf,templer_et_al_2012_15n_tracer_meta_analaysis.pdf,pdf,https://objects.lib.uidaho.edu/nitrogen-gradient/templer_et_al_2012_15n_tracer_meta_analaysis.pdf,,
ng_pub_026,Dispersal limitation and the assembly of soil Actinobacteria communities in a long-term chronosequence,,2012,"Eisenlord, S.D., D.R. Zak, and R.A. Upchurch",,,,,"Michigan Nitrogen Deposition Gradient Study, University of Idaho",Text,application/pdf,,,https://webpages.uidaho.edu/nitrogen-gradient/Publications/Eisenlord et al 2012 Actinobacteria cmty assembly chronosequence.pdf,eisenlord_et_al_2012_actinobacteria_cmty_assembly_chronosequence.pdf,pdf,https://objects.lib.uidaho.edu/nitrogen-gradient/eisenlord_et_al_2012_actinobacteria_cmty_assembly_chronosequence.pdf,,
ng_pub_027,Chronic N Deposition Does Not Apparently Alter the Biochemical Composition of Forest Floor and Soil Organic Matter,,2012,"Thomas, D.C., D.R. Zak, and T.R. Filley",,,,,"Michigan Nitrogen Deposition Gradient Study, University of Idaho",Text,application/pdf,,,https://webpages.uidaho.edu/nitrogen-gradient/Publications/Thomas et al 2012 N deposition soil C chemistry.pdf,thomas_et_al_2012_n_deposition_soil_c_chemistry.pdf,pdf,https://objects.lib.uidaho.edu/nitrogen-gradient/thomas_et_al_2012_n_deposition_soil_c_chemistry.pdf,,
ng_pub_028,Anthropogenic N Deposition Increases Soil C Storage by Decreasing the Extent of Litter Decay: Analysis of Field Observations with an Ecosystem Model,,2012,"Whittinghill, K.A., W.S. Currie, D.R. Zak, A.J. Burton, and K.S. Pregitzer",,,,,"Michigan Nitrogen Deposition Gradient Study, University of Idaho",Text,application/pdf,,,https://webpages.uidaho.edu/nitrogen-gradient/Publications/Whittinghill et al 2012 Gradient Litter Decomp Model.pdf,whittinghill_et_al_2012_gradient_litter_decomp_model.pdf,pdf,https://objects.lib.uidaho.edu/nitrogen-gradient/whittinghill_et_al_2012_gradient_litter_decomp_model.pdf,,
ng_pub_029,Air pollution and the changing biogeochemistry of northern forests,,2012,"Talhelm, A.F., K.S. Pregitzer, A.J. Burton, and D.R. Zak",,,,,"Michigan Nitrogen Deposition Gradient Study, University of Idaho",Text,,,,,,record,http://www.esajournals.org/doi/pdf/10.1890/110007,,
ng_pub_030,Simulated N deposition negatively impacts sugar maple regeneration in a northern hardwood ecosystem,,2011,"Patterson, S.L., D.R. Zak, A.J. Burton, A.F. Talhelm, and K.S. Pregitzer",,,,,"Michigan Nitrogen Deposition Gradient Study, University of Idaho",Text,application/pdf,,,https://webpages.uidaho.edu/nitrogen-gradient/Publications/Patterson et al 2011 Gradient HM Seedlings.pdf,patterson_et_al_2011_gradient_hm_seedlings.pdf,pdf,https://objects.lib.uidaho.edu/nitrogen-gradient/patterson_et_al_2011_gradient_hm_seedlings.pdf,,
ng_pub_031,Chronic N deposition alters root respiration-tissue N relationship in northern hardwoods forests,,2011,"Burton, A.J., J.C. Jarvey, M.P. Jarvi, D.R. Zak, and K.S. Pregitzer",,,,,"Michigan Nitrogen Deposition Gradient Study, University of Idaho",Text,application/pdf,,,https://webpages.uidaho.edu/nitrogen-gradient/Publications/Burton et al 2011 Root respiration N concentration.pdf,burton_et_al_2011_root_respiration_n_concentration.pdf,pdf,https://objects.lib.uidaho.edu/nitrogen-gradient/burton_et_al_2011_root_respiration_n_concentration.pdf,,
ng_pub_032,"Mercury distribution across 14 U.S. forests. Part I: Spatial patterns of concentrations in biomass, litter, and soils",,2011,"Obrist, D., et al.",,,,,"Michigan Nitrogen Deposition Gradient Study, University of Idaho",Text,application/pdf,,,https://webpages.uidaho.edu/nitrogen-gradient/Publications/Obrist et al 2011 Hg Pools US Forests.pdf,obrist_et_al_2011_hg_pools_us_forests.pdf,pdf,https://objects.lib.uidaho.edu/nitrogen-gradient/obrist_et_al_2011_hg_pools_us_forests.pdf,,
ng_pub_033,Simulated atmospheric N deposition alters fungal community composition and suppresses ligninolytic gene expression in a northern hardwood forest,,2011,"Edwards, I.P., D.R. Zak, H. Kellner, S.D. Eisenlord, and K.S. Pregitzer",,,,,"Michigan Nitrogen Deposition Gradient Study, University of Idaho",Text,,,,,,record,http://www.plosone.org/article/info%3Adoi%2F10.1371%2Fjournal.pone.0020421,,
ng_pub_034,No evidence that chronic nitrogen additions increase photosynthesis in mature sugar maple forests,,2011,"Talhelm, A.F., K.S. Pregitzer, and A.J. Burton",,,,,"Michigan Nitrogen Deposition Gradient Study, University of Idaho",Text,,,,,,record,http://www.esajournals.org/doi/abs/10.1890/10-2076.1,,
ng_pub_035,Microbial responses to a changing environment: implications for the future functioning of terrestrial ecosystems,,2011,"Zak, D.R., K.S. Pregitzer, A.J. Burton, I.P. Edwards, and H. Kellner",,,,,"Michigan Nitrogen Deposition Gradient Study, University of Idaho",Text,application/pdf,,,https://webpages.uidaho.edu/nitrogen-gradient/Publications/Zak et al 2011 Microbial responses N dep.pdf,zak_et_al_2011_microbial_responses_n_dep.pdf,pdf,https://objects.lib.uidaho.edu/nitrogen-gradient/zak_et_al_2011_microbial_responses_n_dep.pdf,,
ng_pub_036,Simulated nitrogen deposition affects community structure of arbuscular mycorrhizal fungi in northern hardwood forests,,2011,"van Diepen, L.T.A., E.A. Lilleskov, and K.S. Pregitzer",,,,,"Michigan Nitrogen Deposition Gradient Study, University of Idaho",Text,application/pdf,,,https://webpages.uidaho.edu/nitrogen-gradient/Publications/van Diepen et al 2011 AM community structure Gradient.pdf,van_diepen_et_al_2011_am_community_structure_gradient.pdf,pdf,https://objects.lib.uidaho.edu/nitrogen-gradient/van_diepen_et_al_2011_am_community_structure_gradient.pdf,,
ng_pub_037,Nitrogen turnover in the leaf litter and fine roots of sugar maple,,2010,"Pregitzer, K.S., D.R. Zak, A.F. Talhelm, A.J. Burton, and J.R. Eikenberry.",,,,,"Michigan Nitrogen Deposition Gradient Study, University of Idaho",Text,application/pdf,,,https://webpages.uidaho.edu/nitrogen-gradient/Publications/Pregitzer et al 2010 Gradient 15N Turnover.pdf,pregitzer_et_al_2010_gradient_15n_turnover.pdf,pdf,https://objects.lib.uidaho.edu/nitrogen-gradient/pregitzer_et_al_2010_gradient_15n_turnover.pdf,,
ng_pub_038,Simulated nitrogen deposition causes a decline of intra- and extraradical abundance of arbuscular mycorrhizal fungi and changes in microbial community structure in northern hardwood forests,,2010,"van Diepen, L.T.A., E.A. Lilleskov, K.S. Pregitzer, and R.M. Miller",,,,,"Michigan Nitrogen Deposition Gradient Study, University of Idaho",Text,application/pdf,,,https://webpages.uidaho.edu/nitrogen-gradient/Publications/van Diepen et al 2010 AM abundance.pdf,van_diepen_et_al_2010_am_abundance.pdf,pdf,https://objects.lib.uidaho.edu/nitrogen-gradient/van_diepen_et_al_2010_am_abundance.pdf,,
ng_pub_039,Chronic simulated atmospheric N deposition alters actinobacterial community composition in forest floor and surface soil,,2010,"Eisenlord, S.D., and D.R. Zak",,,,,"Michigan Nitrogen Deposition Gradient Study, University of Idaho",Text,application/pdf,,,https://webpages.uidaho.edu/nitrogen-gradient/Publications/Eisenlord and Zak 2010 SSSAJ.pdf,eisenlord_and_zak_2010_sssaj.pdf,pdf,https://objects.lib.uidaho.edu/nitrogen-gradient/eisenlord_and_zak_2010_sssaj.pdf,,
ng_pub_040,Fungi unearthed: transcripts encoding lignocellulolytic and chitinolyic enzymes in forest soil,,2010,"Kellner, H., D.R. Zak, and M. Vandenbol.",,,,,Fungi unearthed: transcripts encoding lignocellulolytic and chitinolyic enzymes in forest soil,Text,,,,,,record,http://www.plosone.org/article/info%3Adoi%2F10.1371%2Fjournal.pone.0010971,,
ng_pub_041,Are basidiomycete laccase gene abundance and composition related to reduced lignolytic activity under elevated atmospheric NO,,2009,"Hassett, J.E., D.R. Zak, C.B. Blackwood, and K.S. Pregitzer",,,,,"Michigan Nitrogen Deposition Gradient Study, University of Idaho",Text,application/pdf,,,https://webpages.uidaho.edu/nitrogen-gradient/Publications/Hassett_2009_Microbial_Ecology.pdf,hassett_2009_microbial_ecology.pdf,pdf,https://objects.lib.uidaho.edu/nitrogen-gradient/hassett_2009_microbial_ecology.pdf,,
ng_pub_042,Detection of fungal type I polyketide synthase genes in a forest soil,,2009,"Kellner, H., and D.R. Zak",,,,,"Michigan Nitrogen Deposition Gradient Study, University of Idaho",Text,application/pdf,,,https://webpages.uidaho.edu/nitrogen-gradient/Publications/Kellner_2009_Soil_Bio.pdf,kellner_2009_soil_bio.pdf,pdf,https://objects.lib.uidaho.edu/nitrogen-gradient/kellner_2009_soil_bio.pdf,,
ng_pub_043,Respiration from roots and the mycorrhizosphere,,2009,"Moyano, F.E., O.K. Atkin, M. Bahn, D. Bruhn, A.J. Burton, A. Heinemeyer, W.L. Kutsch, and G. Wieser",,,,,"Soil Carbon Dynamics: An Integrated Methodology, Chap. 7",Text,,,,,,record,,,
ng_pub_044,"Measuring forest floor, mineral soil, and root carbon stocks",,2008,"Burton, A.J., and K.S. Pregitzer",,,,,"Handbook of Measurements for Landscape Scale Carbon Monitoring, Chap. 10",Text,,,,,,record,,,
ng_pub_045,Chronic atmospheric NO<sub>3</sub><sup>−</sup> deposition does not induce NO<sub>3</sub><sup>−</sup> use by <i>Acer saccharum</i> Marsh,,2008,"Eddy, W.E., D.R. Zak, W.E. Holmes, and K.S. Pregitzer",,,,,"Michigan Nitrogen Deposition Gradient Study, University of Idaho",Text,application/pdf,,,https://webpages.uidaho.edu/nitrogen-gradient/Publications/Eddy_2008_Ecosystems.pdf,eddy_2008_ecosystems.pdf,pdf,https://objects.lib.uidaho.edu/nitrogen-gradient/eddy_2008_ecosystems.pdf,,
ng_pub_046,Simulated chronic nitrogen deposition increases carbon storage in northern temperate forests,,2008,"Pregitzer, K.S., A.J. Burton, D.R. Zak, and A.F. Talhelm",,,,,"Michigan Nitrogen Deposition Gradient Study, University of Idaho",Text,application/pdf,,,https://webpages.uidaho.edu/nitrogen-gradient/Publications/Pregitzer_2008_Global_Change_Biology.pdf,pregitzer_2008_global_change_biology.pdf,pdf,https://objects.lib.uidaho.edu/nitrogen-gradient/pregitzer_2008_global_change_biology.pdf,,
ng_pub_047,Tree root architecture - form and function,,2008,"Pregitzer, K.S.",,,,,"Michigan Nitrogen Deposition Gradient Study, University of Idaho",Text,application/pdf,,,https://webpages.uidaho.edu/nitrogen-gradient/Publications/Pregitzer_2008_New_Phytologist.pdf,pregitzer_2008_new_phytologist.pdf,pdf,https://objects.lib.uidaho.edu/nitrogen-gradient/pregitzer_2008_new_phytologist.pdf,,
ng_pub_048,The contribution of root - rhizosphere interactions to biogeochemical cycles in a changing world,,2008,"Pregitzer, K., D. R. Zak, W. M. Loya, N. J. Karberg, J.S. King, and A.J. Burton",,,,,The Rhizosphere - An Ecological Perspective,Text,,,,,,record,,,
ng_pub_049,"Scaling of respiration to nitrogen in leaves, stems and roots of higher land plants",,2008,"Reich, P.B., M.G. Tjoelker, K.S. Pregitzer, I.J. Wright, J.Oleksyn, and J-L Machado",,,,,"Michigan Nitrogen Deposition Gradient Study, University of Idaho",Text,application/pdf,,,https://webpages.uidaho.edu/nitrogen-gradient/Publications/Reich_2008_Ecology_Letters.pdf,reich_2008_ecology_letters.pdf,pdf,https://objects.lib.uidaho.edu/nitrogen-gradient/reich_2008_ecology_letters.pdf,,
ng_pub_050,Chronic atmospheric NO<sub>3</sub><sup>−</sup>deposition alters actinobacterial community composition,,2008,"Ritter, A.",,,,,"Undergraduate Honors Thesis, University of Michigan",Text,,,,,,record,,,
ng_pub_051,Stoichiometry of soil enzyme activity at global scale,,2008,"Sinsabaugh, R.L., C.L. Lauber, M.N. Weintraub, B. Ahmed, S.D. Allison, C. Crenshaw, AR. Contosta, D. Cusack, S. Frey, M. E. Gallo, T. B. Gartner, S.E. Hobbie, K. Holland, B.L. Keeler, J.S. Powers, M. Stursova, C. Takacs-Vesbach, M.P. Waldrop, M. Wallenstein, D.R. Zak, and L.H. Zeglin",,,,,"Michigan Nitrogen Deposition Gradient Study, University of Idaho",Text,application/pdf,,,https://webpages.uidaho.edu/nitrogen-gradient/Publications/Sinsabaugh_2008_Ecology_Letters.pdf,sinsabaugh_2008_ecology_letters.pdf,pdf,https://objects.lib.uidaho.edu/nitrogen-gradient/sinsabaugh_2008_ecology_letters.pdf,,
ng_pub_052,Chronic simulated atmospheric N deposition alters actinobacterial community composition in forest floor and surface soil,,2008,"Eisenlord, S.D.",,,,,"M.S. Thesis, University of Michigan, Ann Arbor",Text,,,,,,record,,,
ng_pub_053,The role and diversity of arbuscular mycorrhizal fungi in <i>Acer saccharum</i>dominated forest ecosystems under natural and N-amended conditions,,2008,"Van Diepen, L.T.A.",,,,,"Ph.D. Dissertation, Michigan Technological University, Houghton",Text,application/pdf,,,https://webpages.uidaho.edu/nitrogen-gradient/Publications/van_Diepen_dissertation_2008.pdf,van_diepen_dissertation_2008.pdf,pdf,https://objects.lib.uidaho.edu/nitrogen-gradient/van_diepen_dissertation_2008.pdf,,
ng_pub_054,Simulated atmospheric NO<sub>3</sub><sup>−</sup> deposition increases soil organic matter by slowing decomposition,,2008,"Zak, DR, W.E. Holmes, A.J. Burton, K.S. Pregitzer, and A.F. Talhelm Errata",,,,,"Michigan Nitrogen Deposition Gradient Study, University of Idaho",Text,application/pdf,,,https://webpages.uidaho.edu/nitrogen-gradient/Publications/Zak_2008_Eco_Apps.pdf,zak_2008_eco_apps.pdf,pdf,https://objects.lib.uidaho.edu/nitrogen-gradient/zak_2008_eco_apps.pdf,,
ng_pub_055,Interpreting ecological diversity indices applied to T-RFLP data: Insights from simulated microbial communities,,2007,"Blackwood, C.B., D.E. Hudleston, D.R. Zak and J.S. Buyer",,,,,"Michigan Nitrogen Deposition Gradient Study, University of Idaho",Text,application/pdf,,,https://webpages.uidaho.edu/nitrogen-gradient/Publications/Blackwood_2007_Applied_and_Envt_Microbio.pdf,blackwood_2007_applied_and_envt_microbio.pdf,pdf,https://objects.lib.uidaho.edu/nitrogen-gradient/blackwood_2007_applied_and_envt_microbio.pdf,,
ng_pub_056,The contribution of root – rhizosphere interactions to biogeochemical cycles in a changing world,,2007,"Pregitzer, K.S., D.R. Zak, W.M. Loya, N.J. Karberg, J.S. King and A.J. Burton",,,,,"The Rhizosphere: An Ecological Perspective, Chap. 7",Text,,,,,,record,,,
ng_pub_057,Characteristics of DOC exported from northern hardwood forests receiving chronic experimental <span> NO<sub>3</sub><sup>−</sup></span><span> </span>deposition,,2007,"Smemo, K.A., D.R. Zak, K.S. Pregitzer, and A.J. Burton",,,,,"Michigan Nitrogen Deposition Gradient Study, University of Idaho",Text,application/pdf,,,https://webpages.uidaho.edu/nitrogen-gradient/Publications/Smemo_2007_Ecosystems.pdf,smemo_2007_ecosystems.pdf,pdf,https://objects.lib.uidaho.edu/nitrogen-gradient/smemo_2007_ecosystems.pdf,,
ng_pub_058,Decline of arbuscular mycorrhizal fungi in northern hardwood forests exposed to chronic nitrogen additions,,2007,"Van Diepen, L.T.A., E.A. Lilleskov, K.S. Pregitzer, and R.M. Miller",,,,,"Michigan Nitrogen Deposition Gradient Study, University of Idaho",Text,application/pdf,,,https://webpages.uidaho.edu/nitrogen-gradient/Publications/VanDiepen_2007_New_Phytol.pdf,vandiepen_2007_new_phytol.pdf,pdf,https://objects.lib.uidaho.edu/nitrogen-gradient/vandiepen_2007_new_phytol.pdf,,
ng_pub_059,Forest carbon management in the United States: 1600 – 2100,,2006,"Birdsey, R., K.S. Pregitzer, A. Lucier",,,,,"Michigan Nitrogen Deposition Gradient Study, University of Idaho",Text,application/pdf,,,https://webpages.uidaho.edu/nitrogen-gradient/Publications/Birdsey_2006_Journal_of_Environmental_Quality.pdf,birdsey_2006_journal_of_environmental_quality.pdf,pdf,https://objects.lib.uidaho.edu/nitrogen-gradient/birdsey_2006_journal_of_environmental_quality.pdf,,
ng_pub_060,Plant and microbial mechanisms of N retention in northern hardwood forests receiving chronic <span> NO<sub>3</sub><sup>−</sup> </span> deposition.,,2006,"Eddy, W.C.",,,,,"M.S. Thesis, University of Michigan, Ann Arbor, Michigan",Text,,,,,,record,,,
ng_pub_061,Soil nutrient leaching and foliar nutrient content in sugar maple forests along a regional air pollution gradient,,2006,"Fedak, K.",,,,,"Undergraduate Honors Thesis, University of Michigan, Ann Arbor",Text,,,,,,record,,,
ng_pub_062,Chronic experimental <span> NO<sub>3</sub><span><sup>−</sup></span></span> deposition reduces the retention of leaf litter DOC in a northern hardwood forest soil,,2006,"Smemo, K.A., D.R. Zak, and K.S. Pregitzer",,,,,"Michigan Nitrogen Deposition Gradient Study, University of Idaho",Text,application/pdf,,,https://webpages.uidaho.edu/nitrogen-gradient/Publications/Smemo_2006_Soil_Biology_and_Biochemistry.pdf,smemo_2006_soil_biology_and_biochemistry.pdf,pdf,https://objects.lib.uidaho.edu/nitrogen-gradient/smemo_2006_soil_biology_and_biochemistry.pdf,,
ng_pub_063,Microbial cycling of C and N in northern hardwood forests receiving chronic atmospheric <span> NO<sub>3</sub><span><sup>−</sup></span></span> deposition,,2006,"Zak, D.R., W.E. Holmes, M.J. Tomlinson, K.S. Pregitzer, and A.J. Burton",,,,,"Michigan Nitrogen Deposition Gradient Study, University of Idaho",Text,application/pdf,,,https://webpages.uidaho.edu/nitrogen-gradient/Publications/Zak_2006_Ecosystems.pdf,zak_2006_ecosystems.pdf,pdf,https://objects.lib.uidaho.edu/nitrogen-gradient/zak_2006_ecosystems.pdf,,
ng_pub_064,A molecular dawn for biogeochemistry,,2006,"Zak, D.R., C.B. Blackwood, and M.P. Waldrop",,,,,"Michigan Nitrogen Deposition Gradient Study, University of Idaho",Text,application/pdf,,,https://webpages.uidaho.edu/nitrogen-gradient/Publications/Zak_2006_Trends_in_Ecology _and_Evolution.pdf,zak_2006_trends_in_ecology__and_evolution.pdf,pdf,https://objects.lib.uidaho.edu/nitrogen-gradient/zak_2006_trends_in_ecology__and_evolution.pdf,,
ng_pub_065,"Atmospheric <span> NO<sub>3</sub><span><sup>−</sup></span></span> deposition, and enhanced DOC leaching: Test of a potential mechanism",,2005,"DeForest, J.L., D.R. Zak, K.S. Pregitzer and A.J. Burton",,,,,"Michigan Nitrogen Deposition Gradient Study, University of Idaho",Text,application/pdf,,,https://webpages.uidaho.edu/nitrogen-gradient/Publications/DeForest_2005_Soil_Scientist_Society_of_America.pdf,deforest_2005_soil_scientist_society_of_america.pdf,pdf,https://objects.lib.uidaho.edu/nitrogen-gradient/deforest_2005_soil_scientist_society_of_america.pdf,,
ng_pub_066,The response of belowground carbon allocation in forests to global change,,2005,"Giardina, C.P., M.D. Coleman, J.E. Hancock, J.S. King, E.A. Lilleskov, W.M. Loya, K.S. Pregitzer, M.G. Ryan, and C.T. Trettin",,,,,Tree Species Effects on Soils: Implications for Global Change,Text,,,,,,record,,,
ng_pub_067,Measuring fine root turnover in forest ecosystems,,2005,"Majdi, H, K Pregitzer, A-S Morén, and GI Ågren",,,,,"Michigan Nitrogen Deposition Gradient Study, University of Idaho",Text,application/pdf,,,https://webpages.uidaho.edu/nitrogen-gradient/Publications/Majdi_2005.pdf,majdi_2005.pdf,pdf,https://objects.lib.uidaho.edu/nitrogen-gradient/majdi_2005.pdf,,
ng_pub_068,Effects of soil temperature on nutrient uptake,,2005,"Pregitzer, K.S. and J.S. King",,,,,Nutrient Acquisition by Plants: An Ecological Perspective,Text,,,,,,record,,,
ng_pub_069,Simulated chronic NO<sub>3</sub><sup>−</sup> addition reduces soil respiration in northern hardwood forests,,2004,"Burton, A.J., K.S. Pregitzer, J.N. Crawford, G.P. Zogg, and D.R. Zak",,,,,"Michigan Nitrogen Deposition Gradient Study, University of Idaho",Text,application/pdf,,,https://webpages.uidaho.edu/nitrogen-gradient/Publications/Burton_2004_Global_Change_Biology.pdf,burton_2004_global_change_biology.pdf,pdf,https://objects.lib.uidaho.edu/nitrogen-gradient/burton_2004_global_change_biology.pdf,,
ng_pub_070,Elevated atmospheric <span> NO<sub>3</sub><span><sup>−</sup></span></span> deposition in northern hardwood forests: impacts on the microbial mechanisms of plant litter decomposition,,2004,"DeForest, J.L.",,,,,"Ph.D. Dissertation, University of Michigan, Ann Arbor, Michigan",Text,,,,,,record,,,
ng_pub_071,Atmospheric nitrate deposition and the microbial degradation of cellobiose and vanillin in a northern hardwood forest,,2004,"DeForest, J.L., D.R. Zak, K.S. Pregitzer, and A.J. Burton",,,,,"Michigan Nitrogen Deposition Gradient Study, University of Idaho",Text,application/pdf,,,https://webpages.uidaho.edu/nitrogen-gradient/Publications/DeForest_2004_Soil_Scientist_Society_of_America.pdf,deforest_2004_soil_scientist_society_of_america.pdf,pdf,https://objects.lib.uidaho.edu/nitrogen-gradient/deforest_2004_soil_scientist_society_of_america.pdf,,
ng_pub_072,"Atmospheric nitrate deposition, microbial community composition, and enzyme activity in northern hardwood forests",,2004,"Deforest, J.L., D.R. Zak, K.S. Pregitzer, and A.J. Burton",,,,,"Michigan Nitrogen Deposition Gradient Study, University of Idaho",Text,application/pdf,,,https://webpages.uidaho.edu/nitrogen-gradient/Publications/DeForest_2004_Soil_Biology_Biochem.pdf,deforest_2004_soil_biology_biochem.pdf,pdf,https://objects.lib.uidaho.edu/nitrogen-gradient/deforest_2004_soil_biology_biochem.pdf,,
ng_pub_073,Chronic nitrate addition alters northern hardwood root and leaf litter chemistry,,2004,"Eikenberry, J.R.",,,,,"M.S. Thesis, Michigan Technological University, Houghton",Text,,,,,,record,,,
ng_pub_074,Chronic nitrate additions dramatically increase the export of carbon and nitrogen from northern hardwood ecosystems,,2004,"Pregitzer, K.S., D.R. Zak, A.J. Burton, J.A. Ashby, and N.W. MacDonald",,,,,"Michigan Nitrogen Deposition Gradient Study, University of Idaho",Text,application/pdf,,,https://webpages.uidaho.edu/nitrogen-gradient/Publications/Pregitzer_2004_Biogeochemistry.pdf,pregitzer_2004_biogeochemistry.pdf,pdf,https://objects.lib.uidaho.edu/nitrogen-gradient/pregitzer_2004_biogeochemistry.pdf,,
ng_pub_075,Anthropogenic N deposition and the fate of <sup>15</sup><span>NO<sub>3</sub><span><sup>−</sup></span></span> in a northern hardwood ecosystem,,2004,"Zak, D.R., K.S. Pregitzer, W.E. Holmes, A.J. Burton, and G.P. Zogg",,,,,"Michigan Nitrogen Deposition Gradient Study, University of Idaho",Text,application/pdf,,,https://webpages.uidaho.edu/nitrogen-gradient/Publications/Zak_2004_Biogeochemistry.pdf,zak_2004_biogeochemistry.pdf,pdf,https://objects.lib.uidaho.edu/nitrogen-gradient/zak_2004_biogeochemistry.pdf,,
ng_pub_076,Field measurements of root respiration indicate little to no seasonal temperature acclimation for sugar maple and red pine,,2003,"Burton, A.J., and K.S. Pregitzer",,,,,"Michigan Nitrogen Deposition Gradient Study, University of Idaho",Text,application/pdf,,,https://webpages.uidaho.edu/nitrogen-gradient/Publications/Burton_2003_Tree_Phys.pdf,burton_2003_tree_phys.pdf,pdf,https://objects.lib.uidaho.edu/nitrogen-gradient/burton_2003_tree_phys.pdf,,
ng_pub_077,Carbon cycling in forest ecosystems with an emphasis on belowground processes,,2003,K.S. Pregitzer,,,,,In The potential of U.S. forest soils to sequester carbon and mitigate the greenhouse effect,Text,,,,,,record,,,
ng_pub_078,Measurement carbon dioxide concentration does not affect root respiration rates of nine tree species in the field,,2002,"Burton, A.J., and K.S. Pregitzer",,,,,"Michigan Nitrogen Deposition Gradient Study, University of Idaho",Text,application/pdf,,,https://webpages.uidaho.edu/nitrogen-gradient/Publications/Burton_2002_Tree_Physiol.pdf,burton_2002_tree_physiol.pdf,pdf,https://objects.lib.uidaho.edu/nitrogen-gradient/burton_2002_tree_physiol.pdf,,
ng_pub_079,"The effects of nitrogen amendments on belowground carbon cycling in second growth sugar maple forests along a climate and N-deposition gradient in Michigan, USA",,2002,"Crawford, J.N.",,,,,"M.S. Thesis, Michigan Technological University, Houghton",Text,,,,,,record,,,
ng_pub_080,Fine roots of trees – a new perspecitve,,2002,"Pregitzer, K.S.",,,,,"Michigan Nitrogen Deposition Gradient Study, University of Idaho",Text,application/pdf,,,https://webpages.uidaho.edu/nitrogen-gradient/Publications/Pregitzer_2002_New_Phytologist.pdf,pregitzer_2002_new_phytologist.pdf,pdf,https://objects.lib.uidaho.edu/nitrogen-gradient/pregitzer_2002_new_phytologist.pdf,,
ng_pub_081,Carbon cycling in forest ecosystems with an emphasis on belowground processes,,2002,"Pregitzer, K.S.",,,,,The Potential of U.S. Forest Soils to Sequester Carbon and Mitigate the Greenhouse Effect,Text,,,,,,record,,,
ng_pub_082,The effects of long-term nitrogen deposition on extracellular enzyme activity in an <i>Acer saccharum </i>forest soil,,2002,"Saiya-Cork, K.",,,,,"M.S. Thesis, Univ. Toledo",Text,,,,,,record,,,
ng_pub_083,The effects of long-term nitrogen deposition on extracellular enzyme activity in an <i>Acer saccharum</i> forest soil,,2002,"Saiya-Cork, K. R., R. L. Sinsabaugh, and D. R. Zak",,,,,"Michigan Nitrogen Deposition Gradient Study, University of Idaho",Text,application/pdf,,,https://webpages.uidaho.edu/nitrogen-gradient/Publications/Saiya_Cork_2002_Soil_Biology_and_Biochemistry.pdf,saiya_cork_2002_soil_biology_and_biochemistry.pdf,pdf,https://objects.lib.uidaho.edu/nitrogen-gradient/saiya_cork_2002_soil_biology_and_biochemistry.pdf,,
ng_pub_084,Predicting daily mean soil temperature from daily mean air temperature in four northern hardwood forest stands,,2000,"Brown, S.E., K.S. Pregitzer, D.D. Reed, and A.J. Burton",,,,,"Michigan Nitrogen Deposition Gradient Study, University of Idaho",Text,application/pdf,,,https://webpages.uidaho.edu/nitrogen-gradient/Publications/Brown_et_al_2000_Forest_Science.pdf,brown_et_al_2000_forest_science.pdf,pdf,https://objects.lib.uidaho.edu/nitrogen-gradient/brown_et_al_2000_forest_science.pdf,,
ng_pub_085,Relationships between fine root dynamics and nitrogen availability in Michigan northern hardwood forests,,2000,"Burton, A.J., K.S. Pregitzer, and R.L. Hendrick",,,,,"Michigan Nitrogen Deposition Gradient Study, University of Idaho",Text,application/pdf,,,https://webpages.uidaho.edu/nitrogen-gradient/Publications/Burton_2000_Oecologia.pdf,burton_2000_oecologia.pdf,pdf,https://objects.lib.uidaho.edu/nitrogen-gradient/burton_2000_oecologia.pdf,,
ng_pub_086,Responses of tree fine roots to temperature,,2000,"Pregitzer, K.S., J.S. King, A.J. Burton, and S.E. Brown",,,,,"Michigan Nitrogen Deposition Gradient Study, University of Idaho",Text,application/pdf,,,https://webpages.uidaho.edu/nitrogen-gradient/Publications/Pregitzer_2000_New_Phytol.pdf,pregitzer_2000_new_phytol.pdf,pdf,https://objects.lib.uidaho.edu/nitrogen-gradient/pregitzer_2000_new_phytol.pdf,,
ng_pub_087,The kinetics of nitrogen uptake by <i>Populus tremuloides</i> grown under experimental atmospheric CO<sub>2</sub> and soil N availability treatments,,2000,"Rothstein, D.E., D.R. Zak, K.S. Pregitzer, and P.S. Curtis",,,,,"Michigan Nitrogen Deposition Gradient Study, University of Idaho",Text,application/pdf,,,https://webpages.uidaho.edu/nitrogen-gradient/Publications/Rothstein_2000_Tree_Phys.pdf,rothstein_2000_tree_phys.pdf,pdf,https://objects.lib.uidaho.edu/nitrogen-gradient/rothstein_2000_tree_phys.pdf,,
ng_pub_088,Microbial immobilization and the retention of anthropogenic nitrate in a northern hardwood forest,,2000,"Zogg, G.P., D.R. Zak, K.S. Pregitzer, and A.J. Burton",,,,,Ecology 81: 1858-1866,Text,application/pdf,,,https://webpages.uidaho.edu/nitrogen-gradient/Publications/Zogg_2000_Ecology.pdf,zogg_2000_ecology.pdf,pdf,https://objects.lib.uidaho.edu/nitrogen-gradient/zogg_2000_ecology.pdf,,
ng_pub_089,Production dynamics and climate in four northern hardwood stands in Michigan,,1999,"Brown, S.E.",,,,,"Ph.D. Dissertation, Michigan Technological University, Houghton",Text,application/pdf,,,https://webpages.uidaho.edu/nitrogen-gradient/Publications/Brown_dissertation_1999.pdf,brown_dissertation_1999.pdf,pdf,https://objects.lib.uidaho.edu/nitrogen-gradient/brown_dissertation_1999.pdf,,
ng_pub_090,Soil warming and carbon loss from a Lake States spodosol,,1999,"MacDonald, N.W., D.L. Randlett, and D.R. Zak",,,,,"Michigan Nitrogen Deposition Gradient Study, University of Idaho",Text,application/pdf,,,https://webpages.uidaho.edu/nitrogen-gradient/Publications/MacDonald 1999 SSSAJ.pdf,macdonald_1999_sssaj.pdf,pdf,https://objects.lib.uidaho.edu/nitrogen-gradient/macdonald_1999_sssaj.pdf,,
ng_pub_091,"Ecophysiology of three deciduous forest herbs: Relationships between physiology, life history and ecosystem-level nitrogen cycling",,1999,"Rothstein, D.E.",,,,,"Ph.D. dissertation, University of Michigan, Ann Arbor",Text,,,,,,record,,,
ng_pub_092,"Soil temperature, matric potential, and the kinetics of microbial respiration and net N mineralization",,1999,"Zak, D.R., W.E. Holmes, N.W. MacDonald, and K.S. Pregitzer",,,,,"Michigan Nitrogen Deposition Gradient Study, University of Idaho",Text,application/pdf,,,https://webpages.uidaho.edu/nitrogen-gradient/Publications/Zak_1999_SSSAJ.pdf,zak_1999_sssaj.pdf,pdf,https://objects.lib.uidaho.edu/nitrogen-gradient/zak_1999_sssaj.pdf,,
ng_pub_093,Drought reduces root respiration in sugar maple forests,,1998,"Burton, A.J., K.S. Pregitzer, G.P. Zogg, and D.R. Zak",,,,,"Michigan Nitrogen Deposition Gradient Study, University of Idaho",Text,application/pdf,,,https://webpages.uidaho.edu/nitrogen-gradient/Publications/Burton_1998_Ecological_Applications.pdf,burton_1998_ecological_applications.pdf,pdf,https://objects.lib.uidaho.edu/nitrogen-gradient/burton_1998_ecological_applications.pdf,,
ng_pub_094,"Environmental stress effects on vigor, mortality, and growth in northern hardwood forests along a pollution-climate gradient",,1998,"MacDonald, N.W., J.A. Witter, D.D. Reed, A.J. Burton, K.S. Pregitzer, and H.O. Liechty",,,,,Michigan Academician,Text,,,,,,record,,,
ng_pub_095,Variation in sugar maple root respiration with root diameter and soil depth,,1998,"Pregitzer, K.S., M.J. Laskowski, A.J. Burton, V.C. Lessard, and D.R. Zak",,,,,"Michigan Nitrogen Deposition Gradient Study, University of Idaho",Text,application/pdf,,,https://webpages.uidaho.edu/nitrogen-gradient/Publications/Pregitzer_1998_Tree_Physiol.pdf,pregitzer_1998_tree_physiol.pdf,pdf,https://objects.lib.uidaho.edu/nitrogen-gradient/pregitzer_1998_tree_physiol.pdf,,
ng_pub_096,Integration of ecophysiological and biogeochemical approaches to ecosystem dynamics,,1998,"Zak, D.R., and K.S. Pregitzer",,,,,"Successes, Limitations, and Frontiers in Ecosystem Science",Text,,,,,,record,,,
ng_pub_097,Sugar maple fine root respiration and longevity along a latitudinal gradient,,1997,"Burton, A.J.",,,,,"Ph.D. Dissertation, Michigan Technological University, Houghton",Text,application/pdf,,,https://webpages.uidaho.edu/nitrogen-gradient/Publications/Burton_dissertation_1997.pdf,burton_dissertation_1997.pdf,pdf,https://objects.lib.uidaho.edu/nitrogen-gradient/burton_dissertation_1997.pdf,,
ng_pub_098,Effects of measurement CO<sub>2</sub> concentration on sugar maple root respiration,,1997,"Burton, A.J., G.P. Zogg, K.S. Pregitzer, and D.R. Zak",,,,,"Michigan Nitrogen Deposition Gradient Study, University of Idaho",Text,application/pdf,,,https://webpages.uidaho.edu/nitrogen-gradient/Publications/Burton_1997_Tree_phys.pdf,burton_1997_tree_phys.pdf,pdf,https://objects.lib.uidaho.edu/nitrogen-gradient/burton_1997_tree_phys.pdf,,
ng_pub_099,The relationship between fine root demography and the soil environment in northern hardwood forests,,1997,"Hendrick, R.L. and K.S. Pregitzer",,,,,"Ecoscience, 4(1) (1997)",Text,application/pdf,,,https://webpages.uidaho.edu/nitrogen-gradient/Publications/Hendrick_1997_EcoScience.pdf,hendrick_1997_ecoscience.pdf,pdf,https://objects.lib.uidaho.edu/nitrogen-gradient/hendrick_1997_ecoscience.pdf,,
ng_pub_100,"Relationships among root branch order, carbon, and nitrogen in four temperate species",,1997,"Pregitzer, K.S., M.E. Kubiske, C.K. Yu, and R.L. Hendrick",,,,,"Oecologia, 111 (1997)",Text,application/pdf,,,https://webpages.uidaho.edu/nitrogen-gradient/Publications/Pregitzer_97_Oecologia.pdf,pregitzer_97_oecologia.pdf,pdf,https://objects.lib.uidaho.edu/nitrogen-gradient/pregitzer_97_oecologia.pdf,,
ng_pub_101,Compositional and functional shifts in microbial communities related to soil warming,,1997,"Zogg, G.P., D.R. Zak, D.B. Ringelberg, N.W. MacDonald, K.S. Pregitzer, and D.C. White",,,,,"Michigan Nitrogen Deposition Gradient Study, University of Idaho",Text,application/pdf,,,https://webpages.uidaho.edu/nitrogen-gradient/Publications/Zogg_1997_SSSAJ.pdf,zogg_1997_sssaj.pdf,pdf,https://objects.lib.uidaho.edu/nitrogen-gradient/zogg_1997_sssaj.pdf,,
ng_pub_102,Belowground carbon dynamics in northern hardwood forests: Factors controlling respiration from roots and soil microorganisms,,1997,"Zogg, G.P.",,,,,"Ph.D. Dissertation, University of Michigan, Ann Arbor",Text,,,,,,record,,,
ng_pub_103,Latitudinal variation in sugar maple fine root respiration,,1996,"Burton, A.J., K.S. Pregitzer, G.P. Zogg, and D.R. Zak",,,,,"Michigan Nitrogen Deposition Gradient Study, University of Idaho",Text,application/pdf,,,https://webpages.uidaho.edu/nitrogen-gradient/Publications/Burton_1996_CJFR.pdf,burton_1996_cjfr.pdf,pdf,https://objects.lib.uidaho.edu/nitrogen-gradient/burton_1996_cjfr.pdf,,
ng_pub_104,Temporal and depth-related patterns of fine root dynamics in northern hardwood forests,,1996,"Hendrick, R.L. and K.S. Pregitzer",,,,,"Michigan Nitrogen Deposition Gradient Study, University of Idaho",Text,application/pdf,,,https://webpages.uidaho.edu/nitrogen-gradient/Publications/Hendrick_1996_Ecology.pdf,hendrick_1996_ecology.pdf,pdf,https://objects.lib.uidaho.edu/nitrogen-gradient/hendrick_1996_ecology.pdf,,
ng_pub_105,Applications of minirhizotrons to understand root function in forests and other natural ecosystems,,1996,"Hendrick, R.L. and K.S. Pregitzer",,,,,"Michigan Nitrogen Deposition Gradient Study, University of Idaho",Text,application/pdf,,,https://webpages.uidaho.edu/nitrogen-gradient/Publications/Hendrick_1996_Plant_Soil.pdf,hendrick_1996_plant_soil.pdf,pdf,https://objects.lib.uidaho.edu/nitrogen-gradient/hendrick_1996_plant_soil.pdf,,
ng_pub_106,Relationships between soluble sugar concentrations in roots and ecosystem stress for the first-year sugar maple seedlings,,1996,"McLaughlin, J.W., S.T. Bagley, D.D. Reed, M.F. Jurgensen, and G.D. Mroz",,,,,"Michigan Nitrogen Deposition Gradient Study, University of Idaho",Text,application/pdf,,,https://webpages.uidaho.edu/nitrogen-gradient/Publications/McLaughlin_1996_Water_Air_and_Soil_Pollution.pdf,mclaughlin_1996_water_air_and_soil_pollution.pdf,pdf,https://objects.lib.uidaho.edu/nitrogen-gradient/mclaughlin_1996_water_air_and_soil_pollution.pdf,,
ng_pub_107,Nitrate deposition in northern hardwood forests and the N metabolism of <i>Acer saccharum</i>,,1996,"Rothstein, D.E., D.R. Zak, and K.S. Pregitzer",,,,,"Michigan Nitrogen Deposition Gradient Study, University of Idaho",Text,application/pdf,,,https://webpages.uidaho.edu/nitrogen-gradient/Publications/Rothstein_96_Oecologia.pdf,rothstein_96_oecologia.pdf,pdf,https://objects.lib.uidaho.edu/nitrogen-gradient/rothstein_96_oecologia.pdf,,
ng_pub_108,Fine root respiration in northern hardwood forests in relation to temperature and nitrogen availability,,1996,"Zogg, G.P., D.R. Zak, and A.J. Burton, and K.S. Pregitzer",,,,,"Michigan Nitrogen Deposition Gradient Study, University of Idaho",Text,application/pdf,,,https://webpages.uidaho.edu/nitrogen-gradient/Publications/Zogg_1996_Tree_Physiol.pdf,zogg_1996_tree_physiol.pdf,pdf,https://objects.lib.uidaho.edu/nitrogen-gradient/zogg_1996_tree_physiol.pdf,,
ng_pub_109,Nitrate saturation in northern hardwood forests: potential for nitrate leaching,,1995,"Govindarajulu, U.",,,,,"M.S. Thesis, University of Michigan, Ann Arbor",Text,,,,,,record,,,
ng_pub_110,Dissolved organic carbon in northern hardwood stands with differing acidic inputs and temperature regimes,,1995,"Liechty, H.O., E. Kuuseoks, and G.D. Mroz",,,,,"Michigan Nitrogen Deposition Gradient Study, University of Idaho",Text,application/pdf,,,https://webpages.uidaho.edu/nitrogen-gradient/Publications/Liechty_1995_JEQ.pdf,liechty_1995_jeq.pdf,pdf,https://objects.lib.uidaho.edu/nitrogen-gradient/liechty_1995_jeq.pdf,,
ng_pub_111,Temperature effects on kinetics of microbial respiration and net nitrogen and sulfur mineralization,,1995,"MacDonald, N.W., D.R. Zak, and K.S. Pregitzer",,,,,"Michigan Nitrogen Deposition Gradient Study, University of Idaho",Text,application/pdf,,,https://webpages.uidaho.edu/nitrogen-gradient/Publications/MacDonald_1995_SSSAJ.pdf,macdonald_1995_sssaj.pdf,pdf,https://objects.lib.uidaho.edu/nitrogen-gradient/macdonald_1995_sssaj.pdf,,
ng_pub_112,Nitrate deposition in northern hardwood forests and the N metabolism of <i>Acer saccharum</i> Marsh,,1995,"Rothstein, D.E.",,,,,"M.S. Thesis, University of Michigan, Ann Arbor",Text,,,,,,record,,,
ng_pub_113,Ecological implications of projected climate change scenarios in forest ecosystems of central North America,,1994,"Jones, E.A., D.D. Reed, and P.V. Desanker",,,,,"Michigan Nitrogen Deposition Gradient Study, University of Idaho",Text,application/pdf,,,https://webpages.uidaho.edu/nitrogen-gradient/Publications/Jones_1994_Agric_For_Metogy.pdf,jones_1994_agric_for_metogy.pdf,pdf,https://objects.lib.uidaho.edu/nitrogen-gradient/jones_1994_agric_for_metogy.pdf,,
ng_pub_114,Evaluation of climate and forest growth models in Michigan,,1994,"Kuuseoks, E.",,,,,"M.S. Thesis, Michigan Technological University, Houghton",Text,,,,,,record,,,
ng_pub_115,An evaluation of throughfall chemistry in northern hardwoods along an air pollution gradient.,,1994,"Liechty, H.O.",,,,,"Ph.D. Dissertation, Michigan Technological University, Houghton",Text,,,,https://webpages.uidaho.edu/nitrogen-gradient/Publications_Dissertation_Liechty.htm,,error,,,
ng_pub_116,Sulfate adsorption in forest soils of the Great Lakes region,,1994,"MacDonald, N.W., A.J. Burton, J.A. Witter, and D.D. Richter",,,,,"Michigan Nitrogen Deposition Gradient Study, University of Idaho",Text,application/pdf,,,https://webpages.uidaho.edu/nitrogen-gradient/Publications/MacDonald_1994_SSSAJ.pdf,macdonald_1994_sssaj.pdf,pdf,https://objects.lib.uidaho.edu/nitrogen-gradient/macdonald_1994_sssaj.pdf,,
ng_pub_117,Foliar amino acid accumulation as an indicator of ecosystem stress for first-year sugar maple seedlings,,1994,"McLaughlin, J.W., D.D. Reed, S.T. Bagley, M.F. Jurgensen, and G.D. Mroz",,,,,"Michigan Nitrogen Deposition Gradient Study, University of Idaho",Text,application/pdf,,,https://webpages.uidaho.edu/nitrogen-gradient/Publications/McLaughlin_1994_JEQ.pdf,mclaughlin_1994_jeq.pdf,pdf,https://objects.lib.uidaho.edu/nitrogen-gradient/mclaughlin_1994_jeq.pdf,,
ng_pub_118,Potential impacts of projected climate change scenarios on individual tree species in central North America,,1994,"Reed, D.D., E.A. Jones, and P.V. Desanker",,,,,"Proceedings of the 13th International Congress of Biometeorology, Part 2, Volume I",Text,,,,,,record,,,
ng_pub_119,Studying the effects of air pollution on forests along exposure gradients: experiences in the United States and opportunities for cooperation,,1994,"Reed, D.D., G.D. Mroz, H.O. Liechty, K.S. Pregitzer, A.J. Burton, D.R. Zak, J.A. Witter, and N.W. MacDonald",,,,,Proceedings of the Conference on Climate and Atmospheric Deposition Studies in Forests,Text,,,,,,record,,,
ng_pub_120,Productivity and growth efficiency in sugar maple forests,,1994,"Reed, D.D., K.S. Pregitzer, H.O. Liechty, A.J. Burton, and G.D. Mroz",,,,,"Michigan Nitrogen Deposition Gradient Study, University of Idaho",Text,application/pdf,,,https://webpages.uidaho.edu/nitrogen-gradient/Publications/Reed_1994_For_Ecology_Mgnt.pdf,reed_1994_for_ecology_mgnt.pdf,pdf,https://objects.lib.uidaho.edu/nitrogen-gradient/reed_1994_for_ecology_mgnt.pdf,,
ng_pub_121,Foliar nutrients in sugar maple forests along a regional pollution-climate gradient,,1993,"Burton, A.J., K.S. Pregitzer, and N.W. MacDonald",,,,,"Michigan Nitrogen Deposition Gradient Study, University of Idaho",Text,application/pdf,,,https://webpages.uidaho.edu/nitrogen-gradient/Publications/Burton_1993_SSSAJ.pdf,burton_1993_sssaj.pdf,pdf,https://objects.lib.uidaho.edu/nitrogen-gradient/burton_1993_sssaj.pdf,,
ng_pub_122,"The dynamics of fine root length, biomass and nitrogen content in two northern hardwood ecosystems",,1993,"Hendrick, R.L. and K.S. Pregitzer",,,,,"Michigan Nitrogen Deposition Gradient Study, University of Idaho",Text,application/pdf,,,https://webpages.uidaho.edu/nitrogen-gradient/Publications/Hendrick_1993_CJFR.pdf,hendrick_1993_cjfr.pdf,pdf,https://objects.lib.uidaho.edu/nitrogen-gradient/hendrick_1993_cjfr.pdf,,
ng_pub_123,Patterns of fine root mortality in two sugar maple forests,,1993,"Hendrick, R.L. and K.S. Pregitzer",,,,,"Michigan Nitrogen Deposition Gradient Study, University of Idaho",Text,application/pdf,,,https://webpages.uidaho.edu/nitrogen-gradient/Publications/Hendrick_1993_Nature.pdf,hendrick_1993_nature.pdf,pdf,https://objects.lib.uidaho.edu/nitrogen-gradient/hendrick_1993_nature.pdf,,
ng_pub_124,Climate stress as a precursor to forest decline: paper birch in northern Michigan,,1993,"Jones, E.A., D.D. Reed, G.D. Mroz, H.O. Liechty, and P.J. Cattelino",,,,,"Michigan Nitrogen Deposition Gradient Study, University of Idaho",Text,application/pdf,,,https://webpages.uidaho.edu/nitrogen-gradient/Publications/Jones_1993_CJFR.pdf,jones_1993_cjfr.pdf,pdf,https://objects.lib.uidaho.edu/nitrogen-gradient/jones_1993_cjfr.pdf,,
ng_pub_125,Width of sugar maple (<i>Acer saccharum</i>) tree rings as affected by climate,,1993,"Lane, C.J., D.D. Reed, G.D. Mroz, and H.O. Liechty",,,,,"Canadian Journal of Forest Research, 23 (1993)",Text,application/pdf,,,https://webpages.uidaho.edu/nitrogen-gradient/Publications/Lane_1993_CJFR.pdf,lane_1993_cjfr.pdf,pdf,https://objects.lib.uidaho.edu/nitrogen-gradient/lane_1993_cjfr.pdf,,
ng_pub_126,Cation and anion fluxes in northern hardwood throughfall along an acidic deposition gradient,,1993,"Liechty, H.O., G.D. Mroz, and D.D. Reed",,,,,"Michigan Nitrogen Deposition Gradient Study, University of Idaho",Text,application/pdf,,,https://webpages.uidaho.edu/nitrogen-gradient/Publications/Liechty_1993_CJFR.pdf,liechty_1993_cjfr.pdf,pdf,https://objects.lib.uidaho.edu/nitrogen-gradient/liechty_1993_cjfr.pdf,,
ng_pub_127,"Relationships among atmospheric deposition throughfall, and soil properties in oak forest ecosystems",,1993,"MacDonald, N.W., J.A. Witter, A.J. Burton, K.S. Pregitzer, and D.D. Richter",,,,,"Michigan Nitrogen Deposition Gradient Study, University of Idaho",Text,application/pdf,,,https://webpages.uidaho.edu/nitrogen-gradient/Publications/MacDonald_1993_CJFR.pdf,macdonald_1993_cjfr.pdf,pdf,https://objects.lib.uidaho.edu/nitrogen-gradient/macdonald_1993_cjfr.pdf,,
ng_pub_128,"Fine root production, demography and turnover in northern hardwood forests (<i>Acer saccharum</i>)",,1992,"Hendrick, R.L.",,,,,"Ph.D. Dissertation, Michigan State University, East Lansing",Text,,,,,,record,,,
ng_pub_129,The demography of fine roots in a northern hardwood forest,,1992,"Hendrick, R.L. and K.S. Pregitzer",,,,,"Michigan Nitrogen Deposition Gradient Study, University of Idaho",Text,application/pdf,,,https://webpages.uidaho.edu/nitrogen-gradient/Publications/Hendrick_1992_Ecology.pdf,hendrick_1992_ecology.pdf,pdf,https://objects.lib.uidaho.edu/nitrogen-gradient/hendrick_1992_ecology.pdf,,
ng_pub_130,Spatial variation in tree root distribution and growth associated with minirhizotrons,,1992,"Hendrick, R.L. and K.S. Pregitzer",,,,,"Michigan Nitrogen Deposition Gradient Study, University of Idaho",Text,application/pdf,,,https://webpages.uidaho.edu/nitrogen-gradient/Publications/Hendrick_1992_Plant_and_Soil.pdf,hendrick_1992_plant_and_soil.pdf,pdf,https://objects.lib.uidaho.edu/nitrogen-gradient/hendrick_1992_plant_and_soil.pdf,,
ng_pub_131,Effects of genotype on the response of <i>Populus tremuloides</i> Michigan to ozone and nitrogen deposition,,1992,"Karnosky, D.F., Z.E. Gagnon, D.D. Reed, and J.A. Witter",,,,,"Michigan Nitrogen Deposition Gradient Study, University of Idaho",Text,application/pdf,,,https://webpages.uidaho.edu/nitrogen-gradient/Publications/Karnosky_1992_Water_Air_Soil_Poll.pdf,karnosky_1992_water_air_soil_poll.pdf,pdf,https://objects.lib.uidaho.edu/nitrogen-gradient/karnosky_1992_water_air_soil_poll.pdf,,
ng_pub_132,Ion leaching in forest ecosystems along a Great Lakes air pollution gradient,,1992,"MacDonald, N.W., A.J. Burton, H.O. Liechty, J.A. Witter, K.S. Pregitzer, G.D. Mroz and D.D. Richter",,,,,"Michigan Nitrogen Deposition Gradient Study, University of Idaho",Text,application/pdf,,,https://webpages.uidaho.edu/nitrogen-gradient/Publications/MacDonald_1992_JEQ.pdf,macdonald_1992_jeq.pdf,pdf,https://objects.lib.uidaho.edu/nitrogen-gradient/macdonald_1992_jeq.pdf,,
ng_pub_133,"First year sugar maple (<i>Acer saccharum</i> Marsh.) seedling nutrition, vesicular-arbuscular mycorrhizal colonization, physiology, and growth along an acidic depostion gradient in Michigan.",,1992,"McLaughlin, J.",,,,,"Ph.D. Dissertation, Michigan Technological University, Houghton",Text,application/pdf,,,https://webpages.uidaho.edu/nitrogen-gradient/Publications/McLaughlin_dissertation_1992-Summary.pdf,mclaughlin_dissertation_1992-summary.pdf,pdf,https://objects.lib.uidaho.edu/nitrogen-gradient/mclaughlin_dissertation_1992-summary.pdf,,
ng_pub_134,Foliar sulfur and nitrogen along an 800-km pollution gradient,,1992,"Pregitzer, K.S., A.J. Burton, G.D. Mroz, H.O. Liechty and N.W. MacDonald",,,,,"Michigan Nitrogen Deposition Gradient Study, University of Idaho",Text,application/pdf,,,https://webpages.uidaho.edu/nitrogen-gradient/Publications/Pregitzer_1992_CJFR.pdf,pregitzer_1992_cjfr.pdf,pdf,https://objects.lib.uidaho.edu/nitrogen-gradient/pregitzer_1992_cjfr.pdf,,
ng_pub_135,Sulfate adsorption and microbial immobilization in northern hardwood forests along an atmospheric deposition gradient,,1992,"Randlett, D.L., D.R. Zak, and N.W. MacDonald",,,,,"Michigan Nitrogen Deposition Gradient Study, University of Idaho",Text,application/pdf,,,https://webpages.uidaho.edu/nitrogen-gradient/Publications/Randlett_1992_CJFR.pdf,randlett_1992_cjfr.pdf,pdf,https://objects.lib.uidaho.edu/nitrogen-gradient/randlett_1992_cjfr.pdf,,
ng_pub_136,Leaf area and foliar biomass relationships in northern hardwood forests located along an 800 km acid deposition gradient,,1991,"Burton, A.J., K.S. Pregitzer and D.D. Reed",,,,,"Michigan Nitrogen Deposition Gradient Study, University of Idaho",Text,application/pdf,,,https://webpages.uidaho.edu/nitrogen-gradient/Publications/Burton_1991_For_Sci.pdf,burton_1991_for_sci.pdf,pdf,https://objects.lib.uidaho.edu/nitrogen-gradient/burton_1991_for_sci.pdf,,
ng_pub_137,Use of multivariate methods in forest research site selection,,1991,"Burton, A.J., C.W. Ramm, K.S. Pregitzer, and D.D. Reed",,,,,"Michigan Nitrogen Deposition Gradient Study, University of Idaho",Text,application/pdf,,,https://webpages.uidaho.edu/nitrogen-gradient/Publications/Burton_1991_CJFR.pdf,burton_1991_cjfr.pdf,pdf,https://objects.lib.uidaho.edu/nitrogen-gradient/burton_1991_cjfr.pdf,,
ng_pub_138,Formation of sugar maple (<i>Acer saccharum </i>) tree rings as affected by climate,,1991,"Lane, C.J.",,,,,"M.S. Thesis, Michigan Technological University, Houghton",Text,,,,,,record,,,
ng_pub_139,Effects of collection interval on quality of throughfall samples in two northern hardwood stands,,1991,"Liechty, H.O. and G.D. Mroz",,,,,"Michigan Nitrogen Deposition Gradient Study, University of Idaho",Text,application/pdf,,,https://webpages.uidaho.edu/nitrogen-gradient/Publications/Liechty_1991_JEQ.pdf,liechty_1991_jeq.pdf,pdf,https://objects.lib.uidaho.edu/nitrogen-gradient/liechty_1991_jeq.pdf,,
ng_pub_140,Variation in forest soil properties along a Great Lakes air pollution gradient,,1991,"MacDonald, N.W., A.J. Burton, M.F. Jurgensen, J.W. McLaughlin and G.D. Mroz",,,,,"Michigan Nitrogen Deposition Gradient Study, University of Idaho",Text,application/pdf,,,https://webpages.uidaho.edu/nitrogen-gradient/Publications/MacDonald_1991_SSSAJ.pdf,macdonald_1991_sssaj.pdf,pdf,https://objects.lib.uidaho.edu/nitrogen-gradient/macdonald_1991_sssaj.pdf,,
ng_pub_141,Criteria for atmospheric deposition gradient studies in the USSR,,1991,"Medlarz, S., D. Reed, and R. Noble",,,,,"Michigan Nitrogen Deposition Gradient Study, University of Idaho",Text,,,,,,record,,,
ng_pub_142,Sugar maple seed production and nitrogen in litterfall,,1991,"Pregitzer, K.S. and A.J. Burton",,,,,"Michigan Nitrogen Deposition Gradient Study, University of Idaho",Text,application/pdf,,,https://webpages.uidaho.edu/nitrogen-gradient/Publications/Pregitzer_1991_CJFR.pdf,pregitzer_1991_cjfr.pdf,pdf,https://objects.lib.uidaho.edu/nitrogen-gradient/pregitzer_1991_cjfr.pdf,,
ng_pub_143,Sulfate adsorption and immobilization in Michigan northern hardwood forests.,,1991,"Randlett, D.",,,,,"M.S. Thesis, University of Michigan, Ann Arbor",Text,,,,,,record,,,
ng_pub_144,Effects of air pollution on forest ecosystems.,,1991,"Reed, D.",,,,,"Society of American Foresters, Washington D.C.",Text,,,,,,record,,,
ng_pub_145,Investigations of the effects of forest stress factors along exposure gradients in the United States,,1991,"Reed, D., S. Medlarz, and R. Noble",,,,,"Michigan Nitrogen Deposition Gradient Study, University of Idaho",Text,,,,,,record,,,
ng_pub_146,Effects of multiple interactions on forests: approaches and examples,,1991,"Witter, J.A.",,,,,"Soc. Am. Foresters Proc., Washington D.C.",Text,,,,,,record,,,
ng_pub_147,"Seasonal nitrogen and carbon concentrations in white, brown and woody fine roots of sugar maple (<i>Acer saccharum</i> Marsh)",,1990,"Goldfarb, D., R. Hendrick, and K. Pregitzer",,,,,"Plant and Soil, 126 (1990)",Text,application/pdf,,,https://webpages.uidaho.edu/nitrogen-gradient/Publications/Goldfarb_1990_Plant_and_Soil.pdf,goldfarb_1990_plant_and_soil.pdf,pdf,https://objects.lib.uidaho.edu/nitrogen-gradient/goldfarb_1990_plant_and_soil.pdf,,
ng_pub_148,Genetic implications of air pollution for forestry at present and future,,1990,"Karnosky, D.F. and F. Scholz",,,,,"Proceedings of the 19th IUFRO World Congress, Division 1, 5-11 Aug. 1990",Text,,,,,,record,,,
ng_pub_149,Comparison of cation leaching in five northern hardwood stands along an air pollution gradient using a throughfall modeling approach,,1990,"Liechty, H.O., D. Reed, G. Mroz, and M. Jurgensen",,,,,"Proceedings of the 19th IUFRO World Congress, Division 1, 5-11 Aug. 1990",Text,,,,,,record,,,
ng_pub_150,Pollution induced changes in forest-insect relationships,,1990,"Mattson, W.J. and J.A. Witter",,,,,"Proceedings of the 19th IUFRO World Congress, Division 1, 5-11 Aug. 1990",Text,,,,,,record,,,
ng_pub_151,Effects of acid deposition on nitrogen mineralization in forest soils of the Great Lakes region,,1990,"Ouyang, H.",,,,,"M.S. Thesis, Michigan Technological University, Houghton",Text,,,,,,record,,,
ng_pub_152,A simple procedure for mapping tree locations in forest stands,,1989,"Reed, D.D., H.O. Liechty, and A.J. Burton",,,,,"Michigan Nitrogen Deposition Gradient Study, University of Idaho",Text,application/pdf,,,https://webpages.uidaho.edu/nitrogen-gradient/Publications/Reed_1989_Forest_Science.pdf,reed_1989_forest_science.pdf,pdf,https://objects.lib.uidaho.edu/nitrogen-gradient/reed_1989_forest_science.pdf,,
ng_pub_153,Michigan gradient case history study for the NAPAP Assessment Plan,,1989,"Witter, J.A.",,,,,Report to EPA and USDA Forest Service,Text,,,,,,record,,,
